Object,z,SNR,Inclination,Vmax,VelocitySpan,gdagger_m_s2,gdagger_err_m_s2,log_gdagger,log_err_dex,Npoints,Class,Constrained
COS4_00779,1.0660,343.5,64.3,227.0,717,7.586E-012,6.827E-011,-11.12,1.00,9,usable,0
COS4_15095,0.5550,27.5,55.9,124.9,978,6.918E-009,1.791E-009,-8.16,0.10,12,usable,0
COS4_18435,1.8221,434.2,46.9,111.8,524,1.445E-010,7.933E-011,-9.84,0.19,9,usable,1
COS4_16172,1.0609,20.8,46.0,839.6,797,3.162E-009,1.104E-009,-8.50,0.13,9,usable,1
COS4_02097,1.0649,40.0,73.4,585.3,698,1.000E-008,9.000E-008,-8.00,1.00,7,usable,0
COS4_06487,0.5545,47.9,44.3,49.5,412,1.000E-013,9.000E-013,-13.00,1.00,10,usable,0
COS4_12891,1.7994,141.5,43.5,91.8,933,1.000E-008,9.000E-008,-8.00,1.00,13,usable,0
COS4_22686,0.5545,32.1,43.1,42.3,466,1.318E-010,5.872E-011,-9.88,0.16,10,usable,1
COS4_16369,1.8159,439.9,42.6,99.0,499,1.380E-009,3.979E-010,-8.86,0.11,11,usable,1
COS4_11343,1.7981,130.8,40.9,474.2,828,9.550E-009,1.415E-009,-8.02,0.06,13,usable,0
COS4_05215,0.5529,31.9,40.2,78.1,212,2.399E-010,6.915E-011,-9.62,0.11,13,usable,1
COS4_10860,1.0611,55.0,40.3,790.3,466,2.291E-011,2.957E-011,-10.64,0.36,13,usable,1
COS4_19667,1.0654,59.1,39.6,219.3,194,3.802E-011,1.446E-011,-10.42,0.14,14,usable,1
COS4_12699,0.5531,39.5,39.3,263.5,258,1.000E-013,9.000E-013,-13.00,1.00,12,usable,0
COS4_13890,1.7751,160.8,39.2,95.0,888,1.000E-013,9.000E-013,-13.00,1.00,13,usable,0
COS4_23391,1.8211,411.5,38.0,424.3,437,2.089E-009,6.022E-010,-8.68,0.11,11,usable,1
COS4_22437,0.5526,52.7,37.8,4.0,239,1.259E-010,6.032E-011,-9.90,0.17,13,usable,1
COS4_24021,1.0649,32.8,37.3,1010.5,582,7.244E-009,2.088E-009,-8.14,0.11,12,usable,0
COS4_21622,1.8060,331.3,36.8,203.1,816,1.000E-008,9.000E-008,-8.00,1.00,12,usable,0
COS4_20449,1.8379,165.1,36.6,338.9,570,6.918E-009,1.994E-009,-8.16,0.11,11,usable,0
COS4_04596,0.5550,33.4,36.3,235.9,412,1.000E-013,9.000E-013,-13.00,1.00,12,usable,0
COS4_02355,1.8169,236.7,35.5,26.7,350,7.586E-011,2.414E-011,-10.12,0.12,12,usable,1
COS4_06483,0.5683,34.1,35.4,40.0,715,2.089E-009,5.410E-010,-8.68,0.10,13,usable,1
COS4_03894,0.5550,31.3,35.0,303.5,412,5.012E-011,3.116E-011,-10.30,0.21,12,usable,1
COS4_21072,0.5547,32.4,34.7,0.0,747,5.495E-010,1.584E-010,-9.26,0.11,13,usable,1
COS4_23890,0.5526,37.8,34.7,352.5,309,5.495E-010,1.918E-010,-9.26,0.13,12,usable,1
COS4_08096,1.0614,29.5,34.0,303.9,194,1.000E-013,9.000E-013,-13.00,1.00,11,usable,0
COS4_09601,1.0614,38.7,33.8,463.1,194,5.012E-010,1.749E-010,-9.30,0.13,11,usable,1
COS4_25855,1.0652,166.0,33.9,494.8,283,1.318E-010,4.600E-011,-9.88,0.13,13,usable,1
COS4_05334,1.8014,205.3,33.6,529.8,1173,1.000E-008,9.000E-008,-8.00,1.00,14,usable,0
COS4_05588,1.8192,259.5,33.4,472.0,593,1.000E-013,9.000E-013,-13.00,1.00,13,usable,0
COS4_20565,0.5764,11.4,46.0,168.5,1905,1.000E-008,9.000E-008,-8.00,1.00,8,usable,0
COS4_09745,1.8179,421.7,32.8,23.9,335,5.754E-010,1.831E-010,-9.24,0.12,12,usable,1
COS4_10048,1.8215,448.6,32.8,117.8,367,6.918E-012,6.226E-011,-11.16,1.00,8,usable,0
COS4_25147,1.8149,387.3,32.8,0.0,595,1.445E-010,5.498E-011,-9.84,0.14,11,usable,1
COS4_11606,1.8221,437.9,32.2,15.7,297,2.884E-010,1.285E-010,-9.54,0.16,7,usable,1
COS4_18358,1.7902,150.0,31.9,64.8,1042,1.000E-008,9.000E-008,-8.00,1.00,12,usable,0
COS4_25850,1.8182,440.5,31.7,711.1,1089,1.000E-008,9.000E-008,-8.00,1.00,12,usable,0
COS4_07201,0.5390,21.6,31.5,133.2,260,3.311E-010,1.054E-010,-9.48,0.12,12,usable,1
COS4_24028,1.0537,31.2,31.2,384.7,234,1.000E-013,9.000E-013,-13.00,1.00,13,usable,0
COS4_12656,1.8175,250.1,30.9,83.8,385,2.884E-009,8.313E-010,-8.54,0.11,13,usable,1
COS4_14331,0.5529,35.9,31.1,150.5,361,6.026E-011,3.095E-011,-10.22,0.18,12,usable,1
COS4_10613,0.5545,23.6,30.8,59.0,670,1.000E-008,9.000E-008,-8.00,1.00,11,usable,0
COS4_17641,1.8057,439.0,30.8,151.4,826,1.000E-008,9.000E-008,-8.00,1.00,11,usable,0
COS4_23139,1.0654,45.9,30.8,431.3,659,4.169E-009,1.079E-009,-8.38,0.10,13,usable,0
COS4_23287,1.8165,352.6,30.9,21.7,455,3.981E-010,1.148E-010,-9.40,0.11,13,usable,1
COS4_11827,1.7965,273.4,30.4,133.2,1199,1.820E-010,8.718E-011,-9.74,0.17,13,usable,1
COS4_22205,0.5547,31.5,30.5,211.2,459,1.318E-009,3.413E-010,-8.88,0.10,14,usable,1
COS4_23070,0.5542,73.4,30.4,325.7,773,1.585E-009,5.044E-010,-8.80,0.12,11,usable,1
COS4_05974,1.8169,466.6,30.3,19.0,455,9.550E-011,4.904E-011,-10.02,0.18,10,usable,1
COS4_07337,1.8261,52.4,30.2,37.4,977,7.244E-009,1.876E-009,-8.14,0.10,13,usable,0
COS4_22217,0.5545,35.4,30.3,73.9,464,1.445E-009,4.600E-010,-8.84,0.12,11,usable,1
COS4_06452,1.8017,128.7,29.8,565.0,1211,1.000E-008,9.000E-008,-8.00,1.00,13,marginal,0
COS4_13786,0.5419,15.4,61.4,86.7,968,9.120E-010,3.469E-010,-9.04,0.14,8,usable,1
COS4_19630,1.7981,252.4,29.5,97.2,810,1.905E-009,5.492E-010,-8.72,0.11,11,marginal,1
COS4_12157,1.8208,453.0,29.4,59.4,437,9.550E-010,2.753E-010,-9.02,0.11,11,marginal,1
COS4_17162,1.7991,444.5,29.4,82.0,929,8.318E-009,2.154E-009,-8.08,0.10,10,marginal,0
COS4_05499,1.8001,165.8,28.8,88.9,1039,1.000E-008,9.000E-008,-8.00,1.00,13,marginal,0
COS4_18709,1.8024,477.3,28.9,23.8,1046,1.000E-008,9.000E-008,-8.00,1.00,10,marginal,0
COS4_24878,1.8156,331.2,28.8,41.0,490,4.571E-010,1.595E-010,-9.34,0.13,11,marginal,1
COS4_26338,1.8159,421.7,28.7,114.4,455,5.248E-010,2.514E-010,-9.28,0.17,12,marginal,1
COS4_04484,1.8327,47.3,28.4,1230.4,887,1.000E-008,9.000E-008,-8.00,1.00,13,marginal,0
COS4_04536,1.8156,207.0,28.5,169.4,315,1.000E-013,9.000E-013,-13.00,1.00,12,marginal,0
COS4_13527,1.0625,57.1,28.6,87.5,884,1.000E-008,9.000E-008,-8.00,1.00,12,marginal,0
COS4_05103,1.8277,75.2,28.1,183.5,1167,9.120E-009,2.100E-009,-8.04,0.09,13,marginal,0
COS4_12056,1.8179,315.2,28.1,158.7,857,1.000E-008,9.000E-008,-8.00,1.00,12,marginal,0
COS4_19049,1.7988,407.1,28.0,153.0,863,4.169E-009,1.202E-009,-8.38,0.11,11,marginal,0
COS4_13748,1.8165,193.6,27.7,2137.0,683,1.000E-008,9.000E-008,-8.00,1.00,15,marginal,0
COS4_17997,1.8060,415.8,27.8,12.6,791,1.000E-008,9.000E-008,-8.00,1.00,12,marginal,0
COS4_19796,1.8182,451.2,27.8,12.6,455,1.259E-009,4.007E-010,-8.90,0.12,11,marginal,1
COS4_20910,0.5547,44.2,27.9,86.6,258,1.000E-013,9.000E-013,-13.00,1.00,11,marginal,0
COS4_06179,1.8149,228.3,27.3,180.7,1068,6.026E-011,5.723E-011,-10.22,0.29,12,marginal,1
COS4_06977,1.8152,190.1,27.0,320.5,858,3.311E-010,1.054E-010,-9.48,0.12,13,marginal,1
COS4_07392,1.0614,27.1,26.7,107.5,272,1.000E-013,9.000E-013,-13.00,1.00,10,marginal,0
COS4_12883,0.5550,35.3,25.4,132.7,219,1.820E-010,8.106E-011,-9.74,0.16,12,marginal,1
COS4_03243,1.0625,79.6,80.2,0.0,718,1.000E-008,9.000E-008,-8.00,1.00,7,usable,0
COS4_14445,0.9313,13.5,41.8,137.3,1119,1.000E-008,9.000E-008,-8.00,1.00,7,usable,0
COS4_19680,1.9768,12.7,35.6,234.7,423,1.000E-013,9.000E-013,-13.00,1.00,8,usable,0
COS4_05706,1.9721,15.7,35.2,401.2,777,1.148E-010,7.573E-011,-9.94,0.22,13,usable,1
COS4_19753,1.9734,16.3,35.4,163.9,259,1.000E-013,9.000E-013,-13.00,1.00,12,usable,0
COS4_12995,1.9730,14.4,34.6,333.4,777,1.000E-008,9.000E-008,-8.00,1.00,10,usable,0
COS4_16501,1.7511,13.1,33.9,250.7,753,2.884E-010,1.190E-010,-9.54,0.15,8,usable,1
COS4_17600,1.9798,12.7,34.0,260.0,775,6.607E-009,2.513E-009,-8.18,0.14,8,usable,0
COS4_24763,1.9700,10.3,33.4,176.2,518,5.495E-013,4.946E-012,-12.26,1.00,13,usable,0
COS4_08854,0.5657,16.3,32.5,108.9,559,3.311E-009,1.054E-009,-8.48,0.12,9,usable,0
COS4_15820,1.9734,11.5,32.1,64.1,259,2.754E-010,1.048E-010,-9.56,0.14,10,usable,1
COS4_12577,1.9768,14.0,31.8,365.8,948,1.000E-008,9.000E-008,-8.00,1.00,7,usable,0
COS4_19499,3.9169,12.4,30.9,311.7,216,5.754E-010,2.008E-010,-9.24,0.13,9,usable,1
COS4_22995,1.9897,12.0,29.6,58.1,257,1.000E-013,9.000E-013,-13.00,1.00,8,marginal,0
COS4_05415,1.9815,18.4,28.8,199.0,237,3.162E-010,1.409E-010,-9.50,0.16,7,marginal,1
COS4_16609,1.9713,14.1,28.2,48.8,928,1.000E-008,9.000E-008,-8.00,1.00,10,marginal,0
COS4_26659,0.5526,13.9,28.1,622.0,670,7.943E-009,2.057E-009,-8.10,0.10,12,marginal,0
COS4_14160,0.7353,11.7,26.2,311.1,623,1.202E-010,7.032E-011,-9.92,0.20,7,marginal,1
COS4_02887,1.9721,14.0,25.5,50.4,259,5.248E-011,1.996E-011,-10.28,0.14,12,marginal,1
COS4_09677,1.9738,16.0,25.4,231.2,65,3.981E-011,3.962E-011,-10.40,0.30,8,marginal,1
COS4_02167,0.8274,9.4,29.9,263.1,88,1.000E-013,9.000E-013,-13.00,1.00,10,marginal,0
COS4_01351,1.0652,9.0,25.0,99.6,606,3.020E-009,1.345E-009,-8.52,0.16,6,marginal,1
COS4_11363,3.9405,8.0,29.2,145.5,1156,1.380E-009,6.614E-010,-8.86,0.17,7,marginal,1
