Object,RA,DEC,z,StellarMass,StellarMassErr,SFR,Radius,SourceCatalog,SepArcsec,zPDF
COS4_00779,150.101108,2.190630,1.0660,8.913E+010,0.150,1.259E+000,7.46,COSMOS2015,0.16,0.8545
COS4_00937,150.128808,2.193230,0.7449,1.778E+011,0.150,2.512E+000,6.15,COSMOS2015,0.20,0.8499
COS4_00970,150.143342,2.192640,0.9540,1.778E+011,0.150,5.012E-001,5.72,COSMOS2015,0.02,0.8000
COS4_01351,150.142608,2.196970,1.0652,4.571E+010,0.150,3.981E+001,7.23,COSMOS2015,0.10,0.8568
COS4_01598,150.116804,2.196750,1.0543,3.162E+010,0.150,1.820E+001,5.37,COSMOS2015,0.04,0.9330
COS4_01670,150.135708,2.199410,0.6001,2.951E+010,0.150,3.715E+001,5.03,COSMOS2015,0.01,0.9240
COS4_01966,150.125871,2.199320,2.5758,3.548E+009,0.150,4.467E+001,5.36,COSMOS2015,0.16,2.4257
COS4_02097,150.113996,2.202880,1.0649,5.129E+010,0.150,1.047E+001,6.32,COSMOS2015,0.44,0.8061
COS4_02167,150.092187,2.204440,0.8274,2.754E+010,0.150,6.607E+001,7.82,COSMOS2015,0.25,0.8310
COS4_02355,150.147396,2.203210,1.8169,5.129E+009,0.150,1.622E+001,4.95,COSMOS2015,0.00,1.3792
COS4_02418,150.155458,2.205450,0.5999,2.754E+010,0.150,2.512E+001,4.30,COSMOS2015,0.01,0.7354
COS4_02567,150.110187,2.207600,0.6188,4.074E+010,0.150,3.388E+001,5.07,COSMOS2015,0.34,0.9079
COS4_02672,150.129471,2.207200,2.3443,2.291E+010,0.150,4.677E+001,5.81,COSMOS2015,0.13,2.1960
COS4_02887,150.096954,2.209170,1.9721,7.943E+009,0.150,1.905E+001,5.40,COSMOS2015,0.22,2.0373
COS4_03179,150.168067,2.211300,2.7798,6.310E+009,0.150,2.239E+001,4.24,COSMOS2015,0.11,2.2943
COS4_03206,150.132708,2.211860,2.0012,1.479E+011,0.150,2.818E+002,7.33,COSMOS2015,0.36,1.9875
COS4_03243,150.105892,2.213140,1.0625,4.266E+010,0.150,2.138E+001,6.09,COSMOS2015,0.41,0.9327
COS4_03324,150.148408,2.213130,2.0487,1.585E+010,0.150,3.388E+002,6.02,COSMOS2015,0.03,2.4817
COS4_03493,150.173858,2.215850,1.0433,3.548E+010,0.150,5.012E+000,5.49,COSMOS2015,0.05,0.6621
COS4_03700,150.170704,2.219240,0.7265,2.138E+011,0.150,3.467E+001,7.13,COSMOS2015,0.22,0.9656
COS4_03784,150.118392,2.216710,1.8152,1.862E+010,0.150,2.884E+001,4.75,COSMOS2015,0.05,1.5401
COS4_03814,150.200517,2.218310,1.0513,5.129E+010,0.150,9.772E+000,5.35,COSMOS2015,0.04,0.8624
COS4_03894,150.155183,2.218540,0.5550,3.981E+010,0.150,9.772E-002,4.03,COSMOS2015,0.05,0.8412
COS4_04327,150.118492,2.223090,1.0542,9.333E+010,0.150,7.079E-001,5.23,COSMOS2015,0.32,0.8351
COS4_04453,150.127050,2.223250,2.7118,2.291E+010,0.150,2.692E+001,4.66,COSMOS2015,0.10,2.2763
COS4_04484,150.153929,2.224570,1.8327,1.259E+011,0.150,3.981E+000,5.35,COSMOS2015,0.06,1.4664
COS4_04519,150.119342,2.224160,2.6763,3.631E+010,0.150,1.072E+002,4.94,COSMOS2015,0.03,2.2649
COS4_04536,150.138258,2.225020,1.8156,1.202E+011,0.150,3.090E+002,5.46,COSMOS2015,0.07,1.7410
COS4_04596,150.120942,2.227130,0.5550,1.698E+011,0.150,7.943E-001,5.06,COSMOS2015,0.01,0.6098
COS4_04669,150.073504,2.226380,0.9161,6.310E+010,0.150,3.162E+001,6.93,COSMOS2015,0.15,1.0327
COS4_04717,150.104979,2.226240,2.3084,2.570E+010,0.150,6.310E+002,5.38,COSMOS2015,0.02,2.5901
COS4_04930,150.120988,2.228790,2.0710,1.479E+010,0.150,1.585E+002,7.18,COSMOS2015,0.39,2.5033
COS4_04943,150.090396,2.230870,0.5654,4.169E+010,0.150,2.692E+001,5.72,COSMOS2015,0.30,0.7611
COS4_05094,150.140367,2.230180,2.7679,1.549E+010,0.150,3.981E+001,4.86,COSMOS2015,0.07,2.0392
COS4_05103,150.126496,2.230230,1.8277,7.762E+011,0.150,1.259E+003,1.88,COSMOS2015,0.07,5.2900
COS4_05152,150.157500,2.230150,NaN,1.000E+010,0.150,2.344E+001,4.60,COSMOS2015,0.06,1.7146
COS4_05215,150.108900,2.231970,0.5529,8.128E+009,0.150,1.259E+001,4.31,COSMOS2015,0.03,0.9513
COS4_05238,150.055892,2.233450,0.6191,1.995E+011,0.150,3.981E+001,6.43,COSMOS2015,0.15,0.9321
COS4_05296,150.172396,2.233630,NaN,4.169E+010,0.150,1.660E+001,5.68,COSMOS2015,0.35,0.9222
COS4_05334,150.170721,2.232770,1.8014,1.738E+010,0.150,3.162E+001,6.41,COSMOS2015,0.06,1.5915
COS4_05389,150.073292,2.233020,1.9850,3.981E+010,0.150,1.585E+001,4.37,COSMOS2015,0.08,2.8658
COS4_05415,150.073442,2.233320,1.9815,2.188E+010,0.150,5.888E+001,6.02,COSMOS2015,0.16,2.2698
COS4_05433,150.182725,2.234860,NaN,4.169E+010,0.150,5.370E+001,7.63,COSMOS2015,0.02,2.0808
COS4_05473,150.154492,2.233610,2.7679,9.333E+010,0.150,9.333E+001,4.17,COSMOS2015,0.11,1.9547
COS4_05499,150.080079,2.234230,1.8001,1.349E+010,0.150,1.479E+001,4.65,COSMOS2015,0.03,1.3066
COS4_05540,150.128858,2.234910,2.7935,5.370E+010,0.150,7.586E+001,4.09,COSMOS2015,0.04,2.2626
COS4_05588,150.166900,2.235810,1.8192,1.072E+011,0.150,1.585E+002,5.69,COSMOS2015,0.06,1.8641
COS4_05606,150.169079,2.235290,1.8014,7.943E+009,0.150,3.890E+001,5.60,COSMOS2015,0.12,1.5803
COS4_05656,150.103746,2.237670,0.7903,5.012E+010,0.150,4.898E+001,4.60,COSMOS2015,0.06,0.8008
COS4_05706,150.125200,2.236600,1.9721,3.090E+010,0.150,2.042E+002,4.81,COSMOS2015,0.02,2.5225
COS4_05888,150.144988,2.239180,0.9799,7.586E+010,0.150,5.888E-001,4.85,COSMOS2015,0.24,0.8265
COS4_05925,150.096117,2.240250,0.8013,3.548E+010,0.150,3.981E+001,5.18,COSMOS2015,0.10,0.7961
COS4_05974,150.174575,2.240060,1.8169,1.862E+010,0.150,7.762E+001,6.83,COSMOS2015,0.13,1.8726
COS4_06079,150.109467,2.240070,1.9803,3.236E+010,0.150,7.943E+001,6.29,COSMOS2015,0.06,2.4491
COS4_06179,150.129579,2.241190,1.8149,4.571E+010,0.150,1.000E+002,5.92,COSMOS2015,0.04,1.8420
COS4_06205,150.119979,2.241350,NaN,1.380E+010,0.150,2.754E+000,4.20,COSMOS2015,0.02,0.7787
COS4_06279,150.179854,2.242350,NaN,1.585E+010,0.150,1.698E+001,4.21,COSMOS2015,0.07,2.1946
COS4_06327,150.122200,2.243500,0.6509,3.236E+010,0.150,9.550E+000,4.39,COSMOS2015,0.22,0.7999
COS4_06452,150.097929,2.243800,1.8017,1.622E+010,0.150,1.778E+002,4.68,COSMOS2015,0.10,1.7360
COS4_06483,150.133496,2.245520,0.5683,4.467E+010,0.150,3.162E-001,4.35,COSMOS2015,0.42,0.9308
COS4_06487,150.135500,2.245710,0.5545,8.318E+010,0.150,1.413E+001,4.49,COSMOS2015,0.07,0.8568
COS4_06528,150.167675,2.247090,0.8686,2.344E+010,0.150,2.884E+001,5.37,COSMOS2015,0.38,0.8624
COS4_06750,150.163021,2.247480,2.4739,1.000E+010,0.150,4.169E+001,4.74,COSMOS2015,0.03,2.1041
COS4_06820,150.102971,2.248420,2.9922,4.266E+010,0.150,3.890E+001,4.62,COSMOS2015,0.08,2.3423
COS4_06827,150.115004,2.249210,1.0609,4.467E+010,0.150,1.259E+000,9.77,COSMOS2015,0.19,1.0854
COS4_06963,150.076579,2.249680,1.9875,8.913E+010,0.150,1.622E+001,5.76,COSMOS2015,0.11,2.2113
COS4_06977,150.069521,2.249990,1.8152,7.586E+010,0.150,9.772E-002,4.52,COSMOS2015,0.01,1.5732
COS4_07033,150.096008,2.250320,1.0649,3.311E+009,0.150,3.090E+000,4.83,COSMOS2015,0.04,0.9018
COS4_07201,150.146163,2.252720,0.5390,3.631E+009,0.150,5.012E+000,3.87,COSMOS2015,0.04,0.7793
COS4_07337,150.123183,2.253680,1.8261,1.413E+010,0.150,3.981E+001,4.16,COSMOS2015,0.06,1.6265
COS4_07392,150.085808,2.256950,1.0614,3.388E+010,0.150,2.344E+001,6.35,COSMOS2015,0.09,0.8885
COS4_07757,150.141571,2.258920,1.8179,8.511E+009,0.150,2.570E+001,5.31,COSMOS2015,0.04,1.7069
COS4_07884,150.065629,2.261000,2.1107,2.239E+011,0.150,3.236E+001,7.19,COSMOS2015,0.04,1.8915
COS4_07901,150.177537,2.261220,0.8790,6.166E+009,0.150,1.622E+001,6.44,COSMOS2015,0.02,0.8840
COS4_08096,150.068425,2.265490,1.0614,3.162E+011,0.150,2.512E+000,7.00,COSMOS2015,0.16,0.9528
COS4_08372,150.176087,2.265240,0.7524,1.318E+010,0.150,1.995E-001,3.84,COSMOS2015,0.06,0.9969
COS4_08515,150.184471,2.266260,2.7537,1.000E+010,0.150,2.630E+001,5.08,COSMOS2015,0.04,2.5463
COS4_08565,150.162000,2.266970,1.7952,1.413E+010,0.150,3.236E+002,6.06,COSMOS2015,0.07,1.7933
COS4_08576,150.115354,2.267390,0.8910,2.344E+010,0.150,4.898E-001,4.31,COSMOS2015,0.02,0.8188
COS4_08649,150.143492,2.268430,NaN,1.318E+010,0.150,2.884E+001,4.63,COSMOS2015,0.36,0.8641
COS4_08663,150.133025,2.268470,0.9092,1.318E+010,0.150,1.585E+001,4.67,COSMOS2015,0.08,0.9091
COS4_08687,150.162550,2.268090,0.9247,3.890E+009,0.150,5.129E+000,4.88,COSMOS2015,0.01,0.9112
COS4_08775,150.068950,2.269270,2.0487,8.318E+009,0.150,6.310E+001,6.27,COSMOS2015,0.03,1.4339
COS4_08854,150.124937,2.269890,0.5657,2.239E+010,0.150,1.148E-001,3.82,COSMOS2015,0.05,0.9590
COS4_08958,150.137817,2.270640,1.8179,2.089E+010,0.150,2.512E+001,4.34,COSMOS2015,0.08,1.4360
COS4_09044,150.148771,2.272040,1.9803,7.413E+009,0.150,3.311E+001,4.36,COSMOS2015,0.01,2.2029
COS4_09156,150.141221,2.272970,NaN,9.772E+009,0.150,1.995E+001,4.16,COSMOS2015,0.04,0.9419
COS4_09252,150.109588,2.274270,1.8152,4.677E+010,0.150,7.762E+001,5.00,COSMOS2015,0.02,1.5587
COS4_09356,150.138487,2.276590,1.8014,7.943E+010,0.150,2.512E+000,5.29,COSMOS2015,0.06,1.4104
COS4_09601,150.083300,2.278450,1.0614,3.090E+010,0.150,1.072E+001,4.57,COSMOS2015,0.33,0.8300
COS4_09667,150.139788,2.279638,1.8103,1.778E+011,0.150,2.399E+001,6.85,COSMOS2015,0.05,1.5663
COS4_09677,150.142946,2.278510,1.9738,6.761E+010,0.150,2.884E-003,5.20,COSMOS2015,0.05,2.1650
COS4_09745,150.141204,2.279795,1.8179,9.550E+009,0.150,4.365E+001,5.75,COSMOS2015,0.02,1.6479
COS4_09835,150.138100,2.282000,0.7561,1.549E+010,0.150,8.511E+000,7.64,COSMOS2015,0.32,0.8979
COS4_09867,150.087583,2.280380,1.8175,4.074E+010,0.150,2.884E+000,4.74,COSMOS2015,0.06,1.7022
COS4_10048,150.196458,2.283860,1.8215,2.291E+010,0.150,3.162E+001,9.23,COSMOS2015,0.16,1.4580
COS4_10056,150.121371,2.285140,2.0675,3.802E+010,0.150,9.120E+001,6.25,COSMOS2015,0.09,1.9220
COS4_10060,150.119812,2.282510,1.8175,4.677E+009,0.150,1.585E+001,5.14,COSMOS2015,0.03,1.4843
COS4_10344,150.085875,2.285370,1.8152,2.818E+010,0.150,5.248E+001,6.99,COSMOS2015,0.39,1.6738
COS4_10347,150.083442,2.285780,2.6981,4.786E+010,0.150,4.898E+001,5.48,COSMOS2015,0.02,1.8526
COS4_10393,150.117400,2.286300,0.7465,1.122E+010,0.150,1.259E+001,4.52,COSMOS2015,0.12,0.9428
COS4_10538,150.079546,2.287760,0.7201,3.162E+010,0.150,3.020E-002,4.08,COSMOS2015,0.01,0.9285
COS4_10565,150.094237,2.287270,NaN,4.266E+010,0.150,4.786E+001,4.06,COSMOS2015,0.04,2.2011
COS4_10613,150.096604,2.287820,0.5545,2.884E+009,0.150,3.467E+000,4.60,COSMOS2015,0.07,0.9644
COS4_10740,150.149200,2.289200,0.7289,1.047E+009,0.150,3.548E+000,4.27,COSMOS2015,0.05,0.8034
COS4_10750,150.084871,2.289670,1.8152,2.399E+010,0.150,8.710E+000,7.08,COSMOS2015,0.08,1.7263
COS4_10860,150.102800,2.292710,1.0611,3.020E+010,0.150,1.259E+002,6.35,COSMOS2015,0.32,0.9782
COS4_11142,150.073329,2.293290,2.7041,1.000E+011,0.150,2.512E-001,4.35,COSMOS2015,0.06,2.4254
COS4_11333,150.152100,2.296500,0.8109,8.913E+010,0.150,6.310E-001,5.03,COSMOS2015,0.16,0.8566
COS4_11343,150.146879,2.295290,1.7981,6.026E+009,0.150,2.399E+001,5.17,COSMOS2015,0.05,1.6254
COS4_11363,150.119629,2.295950,3.9405,2.344E+011,0.150,6.457E+001,4.96,COSMOS2015,0.27,1.8095
COS4_11456,150.105600,2.297600,0.7030,3.981E+010,0.150,7.943E+001,5.56,COSMOS2015,0.16,0.9360
COS4_11606,150.176925,2.298160,1.8221,6.918E+009,0.150,3.715E+001,5.65,COSMOS2015,0.07,1.6046
COS4_11609,150.177000,2.297790,1.7991,5.012E+008,0.150,2.239E+000,2.14,COSMOS2015,0.17,1.6368
COS4_11696,150.135621,2.298890,1.8228,1.862E+010,0.150,1.995E+001,5.48,COSMOS2015,0.11,1.4394
COS4_11827,150.160262,2.300160,1.7965,2.512E+010,0.150,6.026E+001,5.11,COSMOS2015,0.07,1.4380
COS4_12056,150.130033,2.302700,1.8179,4.266E+009,0.150,1.259E+001,5.84,COSMOS2015,0.16,1.5255
COS4_12057,150.133637,2.302810,2.7901,4.786E+010,0.150,2.455E+000,4.62,COSMOS2015,0.08,1.4894
COS4_12148,150.118746,2.302690,1.9897,1.514E+010,0.150,3.548E+001,4.16,COSMOS2015,0.04,2.5198
COS4_12157,150.189242,2.302880,1.8208,3.802E+009,0.150,1.445E+001,4.53,COSMOS2015,0.05,1.4261
COS4_12470,150.100500,2.308000,0.7446,1.738E+010,0.150,1.905E+001,6.79,COSMOS2015,0.11,0.9365
COS4_12476,150.115158,2.306880,1.4081,9.120E+009,0.150,3.981E+001,4.91,COSMOS2015,0.05,1.4880
COS4_12497,150.115663,2.306510,1.8149,5.012E+009,0.150,1.096E+001,4.70,COSMOS2015,0.07,1.4841
COS4_12577,150.134350,2.307320,1.9768,2.884E+010,0.150,3.631E+001,4.65,COSMOS2015,0.06,2.3454
COS4_12633,150.167800,2.314100,0.7898,1.862E+010,0.150,3.020E+001,8.22,COSMOS2015,0.09,0.9130
COS4_12656,150.126021,2.308050,1.8175,3.020E+010,0.150,2.630E+001,5.25,COSMOS2015,0.10,1.8169
COS4_12699,150.087675,2.310690,0.5531,8.128E+010,0.150,3.090E+001,5.19,COSMOS2015,0.04,0.9594
COS4_12782,150.125000,2.310300,0.7398,8.318E+009,0.150,1.288E+001,5.44,COSMOS2015,0.02,0.9014
COS4_12883,150.129700,2.311300,0.5550,4.467E+010,0.150,1.995E+000,4.26,COSMOS2015,0.03,0.8257
COS4_12891,150.164808,2.310910,1.7994,3.467E+009,0.150,8.318E+000,4.95,COSMOS2015,0.06,1.4425
COS4_12995,150.099700,2.311810,1.9730,8.913E+010,0.150,1.122E+002,4.40,COSMOS2015,0.02,2.2686
COS4_13038,150.177229,2.313040,1.8198,1.905E+010,0.150,1.778E+001,6.00,COSMOS2015,0.05,1.4543
COS4_13084,150.164917,2.313030,0.7380,1.349E+009,0.150,3.311E+000,4.01,COSMOS2015,0.03,0.8971
COS4_13174,150.112229,2.313970,2.7892,7.586E+010,0.150,2.344E+002,5.60,COSMOS2015,0.10,2.2765
COS4_13527,150.085008,2.317300,1.0625,2.138E+009,0.150,3.548E+000,5.50,COSMOS2015,0.06,0.9668
COS4_13679,150.117308,2.320030,1.0649,7.943E+010,0.150,2.455E-002,4.95,COSMOS2015,0.04,1.0103
COS4_13701,150.112729,2.319440,2.7602,3.890E+010,0.150,4.074E+001,5.41,COSMOS2015,0.03,2.1885
COS4_13748,150.193329,2.320060,1.8165,4.898E+009,0.150,3.020E+001,5.40,COSMOS2015,0.10,1.4507
COS4_13786,150.136500,2.320500,0.5419,1.380E+010,0.150,3.890E+001,4.08,COSMOS2015,0.18,1.0055
COS4_13813,150.192992,2.320230,1.8175,2.291E+010,0.150,9.550E+001,6.13,COSMOS2015,0.04,1.6122
COS4_13837,150.152925,2.322900,0.5809,1.380E+011,0.150,7.943E-003,5.67,COSMOS2015,0.06,0.8300
COS4_13890,150.187637,2.322500,1.7751,2.512E+011,0.150,1.259E+001,6.27,COSMOS2015,0.04,1.4433
COS4_13901,150.166000,2.332000,0.6445,1.259E+011,0.150,4.169E+000,7.02,COSMOS2015,0.19,0.6613
COS4_14160,150.148600,2.324600,0.7353,5.623E+010,0.150,1.000E+000,4.44,COSMOS2015,0.19,0.8115
COS4_14180,150.066650,2.324310,NaN,8.318E+009,0.150,4.169E+001,4.92,COSMOS2015,0.04,2.3947
COS4_14331,150.068479,2.326530,0.5529,3.090E+010,0.150,2.344E-001,3.65,COSMOS2015,0.05,0.7778
COS4_14400,150.117300,2.327100,0.7064,3.467E+010,0.150,4.074E+001,4.65,COSMOS2015,0.13,0.9179
COS4_14445,150.120500,2.327690,0.9313,3.162E+010,0.150,1.000E-001,4.73,COSMOS2015,0.04,0.8711
COS4_14530,150.098588,2.328000,0.7163,2.344E+009,0.150,4.467E+000,4.54,COSMOS2015,0.06,0.8768
COS4_14596,150.064558,2.329030,1.9726,2.239E+009,0.150,5.248E-001,4.49,COSMOS2015,0.04,0.2900
COS4_15095,150.121387,2.334200,0.5550,4.074E+009,0.150,3.548E+000,3.60,COSMOS2015,0.17,0.8650
COS4_15372,150.133329,2.337020,0.7580,1.585E+009,0.150,1.778E+000,4.34,COSMOS2015,0.07,0.7642
COS4_15617,150.138750,2.339380,0.8841,3.162E+009,0.150,5.012E+000,9.61,COSMOS2015,0.05,0.8600
COS4_15698,150.128371,2.340800,0.8611,4.571E+010,0.150,6.761E-001,5.72,COSMOS2015,0.17,0.9211
COS4_15813,150.145779,2.341310,2.7118,2.188E+010,0.150,3.090E+002,4.57,COSMOS2015,0.09,2.4906
COS4_15820,150.064829,2.341610,1.9734,2.188E+010,0.150,3.981E+001,6.19,COSMOS2015,0.16,2.1187
COS4_16172,150.103500,2.346100,1.0609,5.623E+010,0.150,7.943E+001,7.19,COSMOS2015,0.13,1.0126
COS4_16227,150.073671,2.346820,0.8686,7.586E+009,0.150,1.047E+002,7.70,COSMOS2015,0.08,0.8309
COS4_16342,150.122529,2.347110,3.9377,4.266E+010,0.150,5.623E+001,5.86,COSMOS2015,0.08,2.2528
COS4_16369,150.177108,2.346940,1.8159,1.738E+009,0.150,2.951E+001,6.70,COSMOS2015,0.39,0.8373
COS4_16501,150.110246,2.348120,1.7511,1.778E+010,0.150,4.266E+001,5.32,COSMOS2015,0.09,1.7218
COS4_16547,150.106875,2.348790,1.8054,2.630E+010,0.150,2.884E+000,-141.08,COSMOS2015,0.10,1.3584
COS4_16609,150.088058,2.350290,1.9713,4.169E+010,0.150,1.259E+002,5.71,COSMOS2015,0.09,2.6153
COS4_16864,150.172800,2.352200,0.6247,1.259E+010,0.150,1.288E+001,4.28,COSMOS2015,0.13,0.9017
COS4_16986,150.086029,2.352810,1.0609,1.259E+009,0.150,1.259E+001,4.30,COSMOS2015,0.10,0.9100
COS4_17162,150.151321,2.354800,1.7991,8.710E+009,0.150,5.012E+001,4.61,COSMOS2015,0.09,1.6515
COS4_17235,150.095871,2.356000,0.9781,3.311E+009,0.150,5.623E+000,7.57,COSMOS2015,0.09,0.7703
COS4_17237,150.136262,2.355350,1.7994,9.333E+009,0.150,2.138E+001,5.45,COSMOS2015,0.07,1.2474
COS4_17395,150.123033,2.356730,0.7102,2.818E+009,0.150,4.571E+000,3.76,COSMOS2015,0.08,1.0050
COS4_17519,150.153625,2.358380,1.7906,2.512E+010,0.150,2.512E+001,5.85,COSMOS2015,0.05,1.6353
COS4_17600,150.094800,2.359060,1.9798,3.715E+010,0.150,7.079E+001,8.33,COSMOS2015,0.25,2.3613
COS4_17628,150.071800,2.361000,0.7246,6.310E+010,0.150,3.311E+001,5.42,COSMOS2015,0.12,0.9162
COS4_17641,150.096650,2.359690,1.8057,5.012E+010,0.150,2.630E-003,6.26,COSMOS2015,0.16,1.5317
COS4_17657,150.174700,2.360800,0.7014,2.512E+010,0.150,2.512E+001,5.51,COSMOS2015,0.17,0.9002
COS4_17808,150.172821,2.361410,1.8211,3.236E+010,0.150,1.380E+002,5.31,COSMOS2015,0.07,1.5480
COS4_17997,150.083925,2.363240,1.8060,4.169E+010,0.150,2.042E+000,9.37,COSMOS2015,0.26,1.6629
COS4_18064,150.057846,2.363770,1.2085,2.884E+010,0.150,5.012E+001,7.57,COSMOS2015,0.55,1.6682
COS4_18209,150.084000,2.364830,2.7910,3.388E+009,0.150,1.479E+002,8.91,COSMOS2015,0.08,1.5822
COS4_18358,150.167129,2.366800,1.7902,4.074E+009,0.150,2.754E+001,6.41,COSMOS2015,0.16,1.6631
COS4_18417,150.142900,2.367880,0.6292,1.413E+010,0.150,1.862E+002,7.19,COSMOS2015,0.61,0.9944
COS4_18435,150.148346,2.367410,1.8221,2.692E+010,0.150,3.631E+001,5.18,COSMOS2015,0.04,1.4611
COS4_18604,150.132321,2.368930,2.7276,1.023E+010,0.150,3.236E+001,4.63,COSMOS2015,0.10,2.0595
COS4_18644,150.159200,2.369800,0.9781,4.571E+009,0.150,2.042E+001,6.04,COSMOS2015,0.08,0.9574
COS4_18709,150.076858,2.370100,1.8024,2.291E+010,0.150,2.512E+001,6.98,COSMOS2015,0.56,1.6150
COS4_18795,150.130858,2.370890,1.8225,5.495E+009,0.150,1.202E+002,4.82,COSMOS2015,0.11,1.7389
COS4_18859,150.086492,2.371460,3.8866,3.020E+010,0.150,1.950E+002,3.95,COSMOS2015,0.11,3.0541
COS4_18952,150.130262,2.372170,1.7985,5.623E+010,0.150,3.236E-003,4.37,COSMOS2015,0.08,1.6182
COS4_18969,150.142900,2.373260,1.7981,3.467E+010,0.150,3.981E+001,7.84,COSMOS2015,0.05,1.3747
COS4_18977,150.146508,2.372310,2.6168,2.042E+010,0.150,1.148E+001,4.32,COSMOS2015,0.10,1.5899
COS4_19016,150.054521,2.372630,0.8616,5.129E+009,0.150,3.020E+000,3.98,COSMOS2015,0.05,0.8886
COS4_19049,150.138883,2.373370,1.7988,8.318E+009,0.150,4.677E+001,6.82,COSMOS2015,0.17,1.4345
COS4_19066,150.169100,2.374600,1.0398,1.660E+010,0.150,2.138E+001,5.65,COSMOS2015,0.11,0.9225
COS4_19090,150.111175,2.373290,1.9644,1.413E+011,0.150,1.585E-001,4.71,COSMOS2015,0.11,2.4451
COS4_19313,150.140000,2.375980,1.0529,4.266E+010,0.150,1.288E-002,4.64,COSMOS2015,0.03,0.9166
COS4_19499,150.110092,2.377320,3.9169,6.310E+010,0.150,9.333E+000,5.48,COSMOS2015,0.57,2.1097
COS4_19563,150.145171,2.378180,2.7679,6.457E+009,0.150,3.162E+001,4.59,COSMOS2015,0.04,1.8343
COS4_19630,150.095825,2.378720,1.7981,1.202E+010,0.150,3.715E+001,5.07,COSMOS2015,0.15,1.5932
COS4_19648,150.105775,2.380240,0.8061,2.188E+010,0.150,1.585E+002,5.68,COSMOS2015,0.21,0.8898
COS4_19667,150.099600,2.379700,1.0654,1.660E+010,0.150,1.318E+001,4.88,COSMOS2015,0.26,0.8526
COS4_19680,150.075258,2.379400,1.9768,4.169E+010,0.150,2.399E+002,4.86,COSMOS2015,0.09,2.0746
COS4_19753,150.075758,2.380640,1.9734,3.981E+010,0.150,1.000E+002,6.37,COSMOS2015,0.02,2.5295
COS4_19780,150.105925,2.380140,0.5518,2.188E+010,0.150,1.585E+002,4.85,COSMOS2015,0.54,0.8898
COS4_19796,150.124800,2.382290,1.8182,1.096E+011,0.150,3.020E-001,4.95,COSMOS2015,0.07,1.1878
COS4_20007,150.148362,2.383070,1.7419,4.074E+009,0.150,1.175E+001,4.87,COSMOS2015,0.14,1.7073
COS4_20122,150.163650,2.384860,0.7601,6.310E+009,0.150,1.349E+001,6.83,COSMOS2015,0.18,0.9420
COS4_20342,150.061646,2.388050,0.7364,1.175E+011,0.150,5.248E+001,6.32,COSMOS2015,0.05,1.0864
COS4_20347,150.116942,2.386930,1.0611,1.698E+010,0.150,7.762E+001,4.80,COSMOS2015,0.04,0.9384
COS4_20449,150.117692,2.387670,1.8379,8.511E+009,0.150,4.074E+001,5.59,COSMOS2015,0.09,1.7265
COS4_20531,150.139600,2.388600,0.8181,5.888E+009,0.150,2.188E+001,4.78,COSMOS2015,0.07,0.9000
COS4_20537,150.165450,2.389300,0.7254,3.548E+010,0.150,1.905E-003,4.39,COSMOS2015,0.09,0.8973
COS4_20565,150.119000,2.391300,0.5764,1.413E+011,0.150,1.023E+000,5.82,COSMOS2015,0.18,0.8688
COS4_20595,150.164000,2.389070,1.7994,8.128E+009,0.150,6.166E+001,4.72,COSMOS2015,0.05,1.6216
COS4_20612,150.159400,2.391100,1.0515,2.239E+011,0.150,1.585E+000,6.81,COSMOS2015,0.08,0.8722
COS4_20618,150.154400,2.391300,0.5756,2.239E+010,0.150,1.995E+002,8.88,COSMOS2015,0.24,0.9200
COS4_20631,150.176954,2.390090,1.8159,7.943E+010,0.150,1.000E+002,5.48,COSMOS2015,0.09,1.6070
COS4_20746,150.161529,2.390950,2.6498,8.128E+009,0.150,4.898E+001,5.70,COSMOS2015,0.12,1.6111
COS4_20839,150.121796,2.394580,0.5729,1.413E+011,0.150,3.162E+000,5.54,COSMOS2015,0.06,0.8904
COS4_20910,150.077500,2.394500,0.5547,9.333E+010,0.150,1.259E+001,5.26,COSMOS2015,0.28,0.8865
COS4_21030,150.067808,2.395690,0.8357,8.913E+010,0.150,3.981E-001,7.82,COSMOS2015,0.52,0.8430
COS4_21072,150.156646,2.395310,0.5547,1.000E+011,0.150,7.943E-001,10.93,COSMOS2015,0.06,1.0455
COS4_21318,150.061933,2.399170,0.5547,NaN,0.150,NaN,NaN,none,13.18,NaN
COS4_21400,150.145033,2.397720,0.9332,2.818E+010,0.150,1.995E-001,4.32,COSMOS2015,0.10,0.8462
COS4_21492,150.091550,2.399040,1.9768,2.455E+010,0.150,6.310E+001,4.42,COSMOS2015,0.07,1.1512
COS4_21541,150.093383,2.398620,3.8889,5.370E+010,0.150,5.495E+001,4.16,COSMOS2015,0.19,2.3393
COS4_21570,150.108246,2.399300,2.7944,1.514E+010,0.150,6.761E+001,13.11,COSMOS2015,0.06,1.6953
COS4_21622,150.115296,2.399710,1.8060,2.138E+010,0.150,1.862E-002,4.30,COSMOS2015,0.08,1.2668
COS4_21786,150.146058,2.402040,1.0176,7.079E+009,0.150,5.129E+000,49.66,COSMOS2015,0.19,0.6926
COS4_21860,150.151100,2.403500,0.5547,1.778E+011,0.150,1.259E+000,7.55,COSMOS2015,0.08,0.8968
COS4_21904,150.079400,2.405400,0.7153,1.778E+010,0.150,1.000E+001,7.19,COSMOS2015,0.24,0.9181
COS4_21907,150.060608,2.406470,0.5619,NaN,0.150,NaN,NaN,none,6.59,NaN
COS4_22100,150.065000,2.406000,0.7187,3.981E+010,0.150,7.943E+000,5.95,COSMOS2015,0.21,0.8875
COS4_22119,150.065567,2.405700,0.9687,1.259E+010,0.150,2.138E+001,5.92,COSMOS2015,0.03,0.8819
COS4_22205,150.139600,2.407100,0.5547,6.166E+010,0.150,4.786E-001,4.32,COSMOS2015,0.16,0.9148
COS4_22217,150.157442,2.406500,0.5545,5.888E+010,0.150,1.585E-002,4.97,COSMOS2015,0.09,0.8399
COS4_22414,150.079400,2.408500,1.0617,6.607E+009,0.150,2.399E+001,5.66,COSMOS2015,0.19,0.8926
COS4_22437,150.064100,2.409600,0.5526,6.607E+010,0.150,8.710E+000,5.46,COSMOS2015,0.27,0.8598
COS4_22564,150.073179,2.411830,1.9700,2.399E+010,0.150,1.585E+002,5.77,COSMOS2015,0.07,2.7251
COS4_22686,150.152221,2.411410,0.5545,4.467E+010,0.150,3.162E-001,5.00,COSMOS2015,0.26,0.9146
COS4_22809,150.071883,2.412760,1.8024,8.710E+009,0.150,1.230E+001,7.08,COSMOS2015,0.08,1.3078
COS4_22929,150.146300,2.414800,0.8971,2.884E+010,0.150,1.995E+001,7.06,COSMOS2015,0.06,0.8900
COS4_22995,150.071471,2.414530,1.9897,1.318E+011,0.150,8.318E+001,4.95,COSMOS2015,0.09,2.4472
COS4_23070,150.118546,2.415570,0.5542,2.291E+009,0.150,3.090E+001,3.83,COSMOS2015,0.01,0.7791
COS4_23139,150.094329,2.416530,1.0654,3.162E+009,0.150,3.981E+001,8.04,COSMOS2015,0.13,0.9081
COS4_23287,150.076600,2.417130,1.8165,5.495E+009,0.150,1.660E+001,4.81,COSMOS2015,0.06,1.4530
COS4_23391,150.127792,2.418400,1.8211,3.548E+010,0.150,4.169E+001,6.06,COSMOS2015,0.04,1.5458
COS4_23734,150.141771,2.422270,2.7871,8.128E+010,0.150,6.026E+001,4.77,COSMOS2015,0.12,1.9895
COS4_23890,150.123000,2.426700,0.5526,5.129E+010,0.150,3.311E+001,6.01,COSMOS2015,0.12,0.8474
COS4_24012,150.067688,2.425990,1.8004,NaN,0.150,NaN,NaN,none,1.79,NaN
COS4_24021,150.103300,2.427200,1.0649,3.890E+010,0.150,2.692E+000,8.51,COSMOS2015,0.11,0.8618
COS4_24028,150.079529,2.430020,1.0537,1.778E+011,0.150,4.898E-002,7.57,COSMOS2015,0.04,0.8772
COS4_24164,150.153562,2.427340,0.6383,1.349E+009,0.150,3.631E+000,4.27,COSMOS2015,0.02,0.8005
COS4_24210,150.089371,2.429480,0.8646,4.467E+010,0.150,4.169E-004,5.47,COSMOS2015,0.06,0.8572
COS4_24367,150.097579,2.431010,0.7649,7.079E+010,0.150,3.162E-001,5.12,COSMOS2015,0.10,0.8725
COS4_24701,150.139008,2.433740,3.9382,1.820E+011,0.150,2.754E+002,4.02,COSMOS2015,0.13,3.0057
COS4_24738,150.138338,2.434110,1.7978,8.710E+009,0.150,1.660E+001,4.71,COSMOS2015,0.07,1.6236
COS4_24763,150.056700,2.434660,1.9700,2.399E+010,0.150,1.023E+002,5.79,COSMOS2015,0.10,2.5856
COS4_24878,150.090088,2.436160,1.8156,1.000E+010,0.150,8.128E+001,6.86,COSMOS2015,0.69,1.6616
COS4_24973,150.137667,2.437160,0.5769,4.571E+009,0.150,3.631E+000,4.14,COSMOS2015,0.04,0.8706
COS4_25085,150.102250,2.438890,0.7070,1.514E+009,0.150,1.622E-001,3.67,COSMOS2015,0.08,0.6096
COS4_25147,150.110871,2.439010,1.8149,1.479E+010,0.150,4.266E+001,4.95,COSMOS2015,0.04,1.6831
COS4_25229,150.108412,2.439710,2.7251,7.586E+009,0.150,5.623E+001,4.13,COSMOS2015,0.03,2.2539
COS4_25353,150.153500,2.443100,0.5422,5.888E+010,0.150,2.512E+001,5.54,COSMOS2015,0.10,0.8825
COS4_25458,150.141662,2.446040,0.7377,1.047E+011,0.150,1.096E-001,5.58,COSMOS2015,0.07,0.9050
COS4_25477,150.123217,2.443240,1.8159,7.943E+010,0.150,6.310E+001,3.75,COSMOS2015,0.10,1.5147
COS4_25850,150.125825,2.447060,1.8182,1.202E+010,0.150,2.455E+001,4.61,COSMOS2015,0.06,1.6234
COS4_25855,150.071800,2.447500,1.0652,1.288E+010,0.150,3.890E+001,6.82,COSMOS2015,0.23,1.0191
COS4_25969,150.151154,2.451280,0.5806,8.511E+010,0.150,1.622E-002,4.91,COSMOS2015,0.04,0.8779
COS4_26272,150.122604,2.452070,0.7839,1.202E+009,0.150,3.162E-001,4.60,COSMOS2015,0.02,0.6952
COS4_26338,150.111388,2.453000,1.8159,1.738E+011,0.150,1.698E+002,5.44,COSMOS2015,0.12,1.9775
COS4_26395,150.152025,2.455310,1.0040,4.677E+010,0.150,3.548E-001,5.74,COSMOS2015,0.10,0.6828
COS4_26507,150.076296,2.455090,1.0609,1.995E+009,0.150,2.692E+000,5.56,COSMOS2015,0.07,0.8012
COS4_26659,150.107600,2.457700,0.5526,6.310E+009,0.150,7.943E+000,5.95,COSMOS2015,0.14,0.9296
COS4_27120,150.100329,2.462580,2.7110,1.175E+010,0.150,3.981E+001,13.18,COSMOS2015,1.37,1.5518
COS4_27785,150.147583,2.472600,1.5601,6.166E+010,0.150,1.072E+001,6.45,COSMOS2015,0.06,0.8456
COS4_27827,150.121142,2.472210,0.6156,9.772E+009,0.150,2.042E+001,4.86,COSMOS2015,0.04,0.8919
