objid,ra,dec,z,v_rest
1237667323260371097,193.603093638378,27.3639566471975,0.026080,849.940
1237667444585005256,193.637317002314,28.3767687393698,0.023358,33.839
1237667443511328799,193.638261700113,27.6327618999004,0.024389,343.000
1237667442437587079,193.647610924202,26.7514053326735,0.026758,1053.097
1237667322723500153,193.653416947683,26.9348684479231,0.019778,-1039.442
1237667323260371120,193.654347163216,27.317524390098,0.024973,518.027
1237667323797242004,193.65598147276,27.6920177012824,0.028161,1473.874
1237667442974457979,193.673386474224,27.0414628495363,0.023646,120.095
1237667444048199866,193.67441717678,28.0459526526982,0.025567,695.993
1237667443511328817,193.675201288838,27.638941069789,0.028734,1645.658
1237667443511328828,193.681144453774,27.4554315600641,0.026188,882.167
1237667323260371127,193.687389963899,27.4110616074489,0.025769,756.569
1237667443511328839,193.713928631012,27.494477111169,0.023395,44.958
1237667444585070671,193.723678438546,28.4169772491001,0.024612,409.883
1237667323260370980,193.729866302019,27.4127019176053,0.026155,872.427
1237665440978501687,193.730898293238,29.0123834770594,0.021390,-556.270
1237667444048199901,193.731604009714,28.0668518380876,0.021026,-665.355
1237667324334112923,193.736520015737,28.1262654156492,0.021028,-664.789
1237667444585070698,193.740684123007,28.3084255897581,0.021051,-657.843
1237667442974458012,193.751917051615,27.1938415283686,0.024834,476.236
1237667443511328857,193.753470855872,27.483378756505,0.023215,-9.041
1237667444048199948,193.770796964216,28.062513691455,0.020907,-700.848
1237667442437652578,193.771294173916,26.7241612788974,0.022154,-327.216
1237667323797307673,193.807782932551,27.7088974203091,0.022265,-293.688
1237667324334113422,193.815556899898,28.2519410228103,0.021090,-646.112
1237667444048265307,193.82964915854,27.9250633153064,0.021539,-511.511
1237667444048265310,193.833329920731,27.8666878264645,0.023260,4.342
1237667442437652611,193.835153769198,26.7999078098222,0.022767,-143.432
1237667442974523562,193.836636489112,27.1496744833058,0.020900,-703.117
1237667323797307738,193.837189431664,27.6691496111772,0.023702,136.949
1237667444585070621,193.844046455735,28.4678904671976,0.023418,51.937
1237667323260436744,193.851857260447,27.2804654666378,0.021740,-451.097
1237665440441696400,193.852191265995,28.5712477441995,0.025648,720.363
1237667323797307493,193.854377493068,27.7980356026472,0.024573,397.982
1237667443511394428,193.860703575071,27.6040406558282,0.022616,-188.721
1237667323260436605,193.862346628816,27.4224983156058,0.023961,214.712
1237667323797307576,193.86580384848,27.656121565351,0.023409,49.233
1237667444048265337,193.867386306958,27.9496847032653,0.020793,-735.132
1237667443511394328,193.871236167837,27.5214355889665,0.023271,7.904
1237667443511394444,193.87754691215,27.5442726854574,0.023431,55.655
1237667323797307743,193.8919758661,27.8416590356694,0.023342,29.180
1237667323797307748,193.898751122449,27.7671346607378,0.022349,-268.580
1237667322723631193,193.903934566501,26.9116379740067,0.019780,-1038.903
1237667323260502019,193.922068404893,27.2507651298822,0.023651,121.738
1237667323797307772,193.934458511967,27.7165846912562,0.023880,190.213
1237667252945486149,193.934561775186,28.754602706659,0.027474,1267.775
1237667323797307767,193.939074611059,27.7962816369419,0.022937,-92.440
1237667324334178423,193.949253790334,28.2561030430124,0.027009,1128.507
1237667444048265289,193.954174405671,27.9058629384561,0.023127,-35.287
1237667323797373145,193.955331240998,27.7518748250867,0.024182,280.796
1237667442974589337,193.957385477591,27.0888294984274,0.022806,-131.527
1237667443511459907,193.984549587069,27.6097889714613,0.022739,-151.643
1237667444048265399,193.989401102579,27.9049261202999,0.021932,-393.581
1237667444585136268,193.993301777487,28.4073752639864,0.020030,-963.922
1237667444048331015,193.998988436601,27.9550703954291,0.027008,1128.141
1237667324334243849,193.999778775217,28.1869473587921,0.018675,-1370.077
1237667444048330974,194.006462553163,28.0383603406484,0.019796,-1033.947
1237667442437718037,194.007297967511,26.7566282874302,0.019177,-1219.657
1237667323797373355,194.008014224364,27.6646584678041,0.020671,-771.539
1237667322723631315,194.008273685,26.9208104301108,0.018993,-1274.740
1237667444048330975,194.011403308108,28.0479630718754,0.024677,429.385
1237667444585136289,194.014968319146,28.4347748393722,0.022774,-141.336
1237667442974589034,194.016549735472,27.1504293109407,0.024502,376.720
1237667323260502211,194.017516603467,27.2855451577057,0.022359,-265.570
1237667323797372960,194.025405560641,27.6781025860047,0.016483,-2027.130
1237667323797373198,194.026848768133,27.6480394791657,0.025363,635.045
1237667444585201733,194.03975236878,28.3108886952733,0.026385,941.409
1237667444048330789,194.04125140232,27.8442642259626,0.025257,603.231
1237667324334243951,194.045738351206,28.1631690834438,0.028999,1724.884
1237667323797373209,194.059416911716,27.8155839307608,0.022224,-306.141
1237667443511459955,194.060924012978,27.506304128918,0.024784,461.427
1237667443511459972,194.069535570244,27.4459829954475,0.021360,-565.048
1237667323797372988,194.08245276854,27.7510271761568,0.022975,-80.874
1237667324334243971,194.084928004506,28.0508128595757,0.025369,636.637
1237667442437783614,194.085383813419,26.7040313590662,0.021971,-382.069
1237665440441761843,194.090797571316,28.4869355600979,0.022009,-370.452
1237667443511459991,194.097327415816,27.5440494724868,0.024465,365.670
1237667323260567643,194.098972908212,27.2339823811432,0.020188,-916.485
1237667323797373132,194.109575922977,27.7272523511345,0.022763,-144.397
1237667323797373096,194.110932826373,27.8306382538767,0.020911,-699.810
1237667322723696662,194.116059801409,26.987420225191,0.021496,-524.480
1237667324334243995,194.118591402632,28.0825391911429,0.023268,6.977
1237667323260567649,194.119066277425,27.2912677276214,0.025071,547.416
1237667253482422453,194.119676862082,29.1370509634724,0.031634,2514.804
1237667322723696663,194.121380149926,26.9569993866145,0.023498,75.900
1237667444048330864,194.124219418222,27.9400025531362,0.022131,-333.833
1237667442974654493,194.133499902156,27.0555849073229,0.020410,-849.839
1237667323797438564,194.142351917061,27.6873365933424,0.022948,-89.130
1237667443511525379,194.142438342425,27.5389547717013,0.023656,123.348
1237667323260567703,194.144334572854,27.2275564090541,0.023983,221.206
1237667444585201702,194.146630819601,28.275457472547,0.024334,326.520
1237667323797438566,194.149697837858,27.7188281246014,0.022424,-246.185
1237667322723696863,194.150056654307,26.9047714864538,0.026334,926.135
1237667444048331125,194.153739337929,27.8848868210671,0.021065,-653.439
1237667324334309419,194.160013892501,28.1062736451537,0.021602,-492.462
1237667443511525478,194.160189201815,27.5709432176904,0.025372,637.531
1237667324334309429,194.161868511555,28.0811502737051,0.027047,1139.719
1237667324334309417,194.168085558173,28.2177576773639,0.027723,1342.430
1237667443511525488,194.170546071633,27.4477507391494,0.024455,362.696
1237667443511525482,194.176611798043,27.5482587383269,0.025318,621.567
1237667444048396291,194.178572371366,28.0204514262826,0.020867,-712.851
1237667442437783651,194.179997750107,26.7419660285757,0.023175,-20.885
1237667442974654645,194.181321571822,27.0347577597302,0.018717,-1357.537
1237667442974654524,194.181323733689,27.1787951884456,0.025310,619.147
1237667324334309460,194.191122151059,28.051618755511,0.023082,-48.856
1237667442974654799,194.195850209883,27.0569299360666,0.021674,-470.970
1237667323260567605,194.197547650819,27.2922699695345,0.026169,876.714
1237667443511525502,194.199045299034,27.4209916267466,0.025918,801.265
1237667324334309470,194.199411293285,28.1921139209592,0.019413,-1148.873
1237667442974654664,194.206891814416,27.0939123077021,0.023081,-49.144
1237665440978698320,194.210894458443,28.9298324817892,0.026997,1124.810
1237667323797438604,194.211692146591,27.6278394269678,0.026981,1120.017
1237667322723696789,194.213206433333,26.8988800476439,0.020753,-747.184
1237667324334309600,194.218220501084,28.1881146802889,0.021632,-483.666
1237667444048396324,194.221407959797,27.9294970525839,0.020410,-850.015
1237667443511525535,194.233049649159,27.4623903055484,0.025394,644.276
1237667252945616923,194.235743506241,28.6233763265514,0.021857,-416.204
1237667253482487860,194.256748291514,29.0626212590475,0.025027,534.279
1237667323260633139,194.257087628182,27.372084200323,0.023359,34.072
1237667323797438654,194.260775015209,27.6566843695881,0.022664,-174.265
1237667323797438642,194.267666475023,27.7300401263326,0.029639,1916.937
1237667443511525555,194.268082476162,27.5259390435087,0.027704,1336.683
1237667323797438634,194.268935737416,27.7730112532035,0.025128,564.534
1237667324334309497,194.270202278183,28.2096830677345,0.017175,-1819.646
1237667323797438661,194.270423824062,27.6773752119004,0.026085,851.451
1237667444585267373,194.277258598182,28.2965994597757,0.022509,-220.541
1237665440978698520,194.279134612015,28.9583704880279,0.027479,1269.439
1237667323260633162,194.281937657411,27.3405503099274,0.024335,326.907
1237667443511525432,194.289229748175,27.4664033989554,0.024850,481.225
1237667443511591123,194.294813548489,27.4049023685192,0.020678,-769.668
1237667253482487930,194.297487405865,29.0450815511018,0.024955,512.730
1237667442974720099,194.29982111634,27.1033357393338,0.024506,378.039
1237667323260633183,194.308617216578,27.2537479879091,0.017479,-1728.596
1237667323797504287,194.313778975464,27.7298272736429,0.019222,-1206.199
1237667323797504020,194.319932275213,27.6184523807869,0.024162,275.007
1237667444585267347,194.3238446501,28.4388242675785,0.023042,-60.800
1237667323797504147,194.324192435811,27.8109217672694,0.023832,175.961
1237667323797504296,194.326051271511,27.747358024387,0.022876,-110.508
1237667442974720027,194.327299559175,26.9795703871009,0.024348,330.528
1237667322723762338,194.329092886758,26.937621541558,0.025561,694.353
1237667323797504157,194.331643479035,27.6137850865887,0.025896,794.802
1237667442974720035,194.339534742142,27.0229899770861,0.026718,1041.108
1237667443511590959,194.34043409958,27.4748529655504,0.023168,-22.951
1237667444048461836,194.34058566385,27.8804298329713,0.024809,468.841
1237667442974720048,194.345500492722,26.9877482068734,0.027840,1377.679
1237667443511590954,194.345509774336,27.4929754042259,0.027485,1271.187
1237667323797504163,194.347770721071,27.7662785222983,0.030444,2158.297
1237667443511591026,194.348199876531,27.5499354868852,0.020140,-930.950
1237667443511590952,194.351489490412,27.4978156080583,0.024478,369.765
1237665440441892904,194.354394745362,28.4958928406158,0.023948,210.686
1237667443511591044,194.35519928743,27.4045700201824,0.016175,-2119.502
1237667443511591025,194.357667652825,27.5461337984977,0.018571,-1401.163
1237667323797504185,194.358832303792,27.6593995831894,0.016860,-1914.054
1237667444585267360,194.364527373252,28.439699568601,0.025927,804.056
1237667323797504196,194.364626812105,27.6362551509885,0.026824,1072.868
1237667323797504193,194.367263593688,27.7007661438191,0.021551,-507.931
1237667324334374925,194.36846399274,28.1764273673947,0.027250,1200.517
1237667324334374924,194.3749669616,28.1880718222029,0.023128,-35.000
1237667443511591179,194.377462830348,27.543025825033,0.025522,682.703
1237667444048461844,194.380146176297,28.0184243481082,0.023515,80.834
1237665440441892891,194.383142672062,28.4769425522129,0.022568,-203.072
1237667323797504055,194.386815981333,27.6103468882452,0.020128,-934.476
1237665440441892890,194.391191533255,28.4822571614252,0.020874,-710.699
1237667323260633230,194.394538616261,27.3103214640806,0.024847,480.239
1237667443511590950,194.39938792717,27.4932347410149,0.024387,342.412
1237667443511590951,194.400550649932,27.4848117994848,0.024131,265.467
1237667324334375129,194.401130923952,28.2334014078232,0.022751,-148.213
1237667324334375054,194.401851097404,28.0770428265329,0.022486,-227.433
1237667442974720162,194.402256994964,27.0313687905942,0.024526,384.008
1237667324334375073,194.40496564219,28.0403833913442,0.021449,-538.381
1237667322723827726,194.429307970786,26.8523831981815,0.021254,-596.943
1237667443511591211,194.430132034307,27.5775942925071,0.024110,259.289
1237665440978763910,194.432145190006,29.0032030641904,0.023080,-49.369
1237665440978763913,194.43379526901,29.0203757207111,0.026421,952.067
1237667444048461951,194.438760209091,27.9059772049761,0.027023,1132.611
1237667253482553501,194.440296962121,29.1300011258294,0.024917,501.131
1237667443511591229,194.440607895851,27.429337548964,0.027810,1368.437
1237667323797504242,194.442321586703,27.7570277744987,0.020449,-838.330
1237667324334375082,194.444608381974,28.1407845899127,0.021386,-557.421
1237667253482553389,194.445986193128,29.1495116568507,0.023857,183.366
1237667444048461897,194.447097179312,27.8333090223157,0.020188,-916.575
1237667323797504263,194.449426308868,27.7694430488118,0.019283,-1187.873
1237667444048461861,194.450278231522,27.8830574728906,0.019532,-1113.107
1237667324334374981,194.452787511593,28.1804376645757,0.024113,260.188
1237667252945682613,194.457353063062,28.6242593395367,0.025000,526.014
1237667324334374983,194.459317214646,28.1703586697569,0.023076,-50.580
1237667323797569617,194.460665091628,27.6437333523947,0.022719,-157.633
1237667444048461862,194.460980630353,27.8794848237614,0.023174,-21.437
1237667443511591237,194.461481764682,27.490864408106,0.024522,382.974
1237667323797569615,194.467957084075,27.7396342945644,0.023102,-42.770
1237667323797569619,194.471376049855,27.707306287808,0.021513,-519.245
1237665440441892998,194.474743403174,28.4998067687287,0.024360,334.291
1237667443511656452,194.476510958023,27.490632767353,0.016611,-1988.807
1237667323260698698,194.48072586664,27.2320234176602,0.021617,-487.941
1237667443511656538,194.484286363686,27.5813497711346,0.016552,-2006.390
1237667323260698686,194.485514452773,27.3822883973786,0.017385,-1756.693
1237667442974785715,194.486076326311,27.037503631457,0.024718,441.706
1237667443511656555,194.486257748461,27.4426037989638,0.025682,730.583
1237667444048461985,194.486651075931,27.9917515592995,0.015226,-2404.050
1237667324334440540,194.490495431832,28.0617799441622,0.027140,1167.669
1237667443511656590,194.503139521754,27.4539875922619,0.025615,710.644
1237667443511656567,194.50649494591,27.4896658449692,0.025431,655.218
1237667444048527503,194.507132631156,27.853558836155,0.018976,-1279.702
1237667322723827770,194.509924229175,26.8595006257056,0.024524,383.517
1237667444048527492,194.511940568038,27.9783497636871,0.021901,-402.899
1237667322723827758,194.513194298134,26.9159631885312,0.027380,1239.562
1237667444048527371,194.514623585942,27.8149479142084,0.023775,158.759
1237667323797569678,194.514658223815,27.6824484401272,0.024126,264.232
1237667444585332850,194.523281626146,28.2425914978552,0.023988,222.858
1237665440978763955,194.523410237022,29.0173616029541,0.025677,728.949
1237667444585332963,194.524303414621,28.3709584505167,0.025450,660.954
1237667443511656604,194.525268086005,27.41892971181,0.019220,-1206.619
1237667443511656599,194.528442730656,27.5768756438433,0.025007,528.277
1237667253482619004,194.52852747765,29.0345483565527,0.024243,299.326
1237667322723827863,194.529492846493,26.7871165709985,0.024039,237.898
1237667252945748053,194.538440824409,28.7085612120753,0.025368,636.565
1237667443511656611,194.540409601122,27.5494213129074,0.023269,7.235
1237667444048527527,194.546304197759,27.860264491772,0.023359,34.276
1237667444048527520,194.547630285408,27.9399482768898,0.028385,1540.865
1237667444048527531,194.548547795801,27.893662083772,0.019149,-1227.949
1237667443511656621,194.548607378976,27.5424825082509,0.023749,151.081
1237665440978829317,194.555544089457,28.9480984811571,0.025557,693.079
1237667324334440570,194.557508660665,28.1825454071342,0.023951,211.741
1237665440441958487,194.562768369411,28.521782562633,0.023039,-61.852
1237667442974785781,194.564897908485,27.0872176077251,0.025749,750.804
1237667323797569716,194.568852773982,27.8025525900058,0.018994,-1274.342
1237667324334440628,194.572521734764,28.0400797355937,0.020654,-776.650
1237667444048527567,194.575873183531,27.8484888859698,0.025282,610.750
1237667253482618902,194.575994722758,29.1287828496171,0.026327,923.877
1237667323260698733,194.577616216501,27.3108222063476,0.024722,442.723
1237667323797569737,194.579922745252,27.7620674876368,0.018183,-1517.584
1237667252945748097,194.580613982704,28.6985101844268,0.019305,-1181.286
1237667322723893322,194.584483358852,26.9206297850685,0.023054,-57.295
1237667443511656658,194.585544407911,27.4293829416211,0.025156,572.913
1237667324334440636,194.590439499683,28.1487530639571,0.026278,909.215
1237667444048527399,194.590959146639,27.9677800604517,0.020053,-956.858
1237667444048527574,194.591637331313,27.8922832859017,0.024351,331.416
1237667324334440637,194.592319576435,28.1521335883532,0.022274,-291.181
1237667444585398365,194.59876240936,28.3288056626646,0.027300,1215.567
1237667323260764177,194.605424605225,27.1999966145997,0.026831,1075.168
1237667324334440670,194.606368884908,28.1289242167915,0.027363,1234.582
1237667323797569745,194.612821592326,27.7066155934414,0.023356,33.392
1237667442974851227,194.612874472817,27.0234643455639,0.025157,573.117
1237665440978829339,194.616023247069,28.9741297107337,0.023800,166.494
1237667443511656680,194.618366023763,27.5593782172644,0.025262,604.718
1237667444585398354,194.622956182916,28.3011212588116,0.019695,-1064.172
1237667324334440484,194.625853257776,28.0147532559593,0.023838,177.772
1237665440978829404,194.626090006507,28.8588404229993,0.026647,1019.883
1237667442974851236,194.628474237004,26.9949379848372,0.024862,484.834
1237667444585398462,194.628987707848,28.2336221820637,0.024294,314.429
1237667323797635081,194.631665985428,27.6734902125585,0.023070,-52.606
1237667324334440699,194.632953269733,28.049613370128,0.019031,-1263.300
1237667443511722010,194.633601353935,27.4563338750488,0.023420,52.387
1237667444585398452,194.634529045872,28.3779720627965,0.019620,-1086.866
1237667323260764326,194.638068941343,27.364365696737,0.023227,-5.266
1237667444048527610,194.640712940872,27.8367690222357,0.015034,-2461.610
1237667323797635092,194.646608296653,27.59640874119,0.025644,719.167
1237667323260764184,194.647230921338,27.2647008292695,0.024540,388.091
1237667444048527840,194.650332421478,27.8728881655502,0.023668,126.729
1237667324334440523,194.651452947627,28.1137335916792,0.022695,-164.750
1237667442974851089,194.651496545238,27.1041321032733,0.026492,973.289
1237667444048527619,194.653129318498,27.8494820556382,0.020559,-805.137
1237667323260764250,194.655341647786,27.1766130597826,0.025568,696.434
1237667443511722013,194.657624196313,27.4639536798017,0.020910,-700.056
1237667444048527629,194.658997052094,27.8225827526021,0.017988,-1576.155
1237667443511722195,194.660041733041,27.5441002461781,0.019913,-998.853
1237667442974851251,194.661203912329,27.013245572489,0.023405,47.848
1237667444048527614,194.662268736912,27.9538686676223,0.019988,-976.285
1237667322723893381,194.666449709883,26.7595253356927,0.024854,482.316
1237667444048593192,194.669716871835,27.8269172190354,0.020577,-799.878
1237667324334506238,194.673441410993,28.1854913407012,0.026827,1073.933
1237665440978829441,194.680067925913,28.9100472435057,0.027834,1375.764
1237667444585398361,194.68293910759,28.2826715388061,0.025447,660.078
1237667324334506253,194.683962833394,28.048963151128,0.029591,1902.502
1237667444048593198,194.689411138307,27.8799578659763,0.028239,1497.123
1237667323797635368,194.689761125662,27.7538787606315,0.022096,-344.574
1237667444048593218,194.692141046472,27.8608654814521,0.029274,1807.327
1237667323797635139,194.697502913701,27.674715526321,0.027962,1414.167
1237667324334506263,194.700641383394,28.0187270421761,0.023617,111.605
1237667444048592910,194.703028661819,27.8104347379211,0.019744,-1049.455
1237665440442024094,194.703919061709,28.5399979627666,0.020969,-682.216
1237667444048593228,194.711489231524,27.9955465746688,0.022355,-266.871
1237667324334506271,194.711518885803,28.0840122947982,0.020261,-894.571
1237667324334506291,194.711750032724,28.006993538058,0.024904,497.393
1237667323797635203,194.717062701033,27.785051267967,0.018857,-1315.626
1237667444585463914,194.720641275355,28.2338266213583,0.020241,-900.587
1237667444048592912,194.721057338949,27.8134254983291,0.018420,-1446.411
1237667324334506284,194.722663586506,28.1260675356492,0.023377,39.694
1237667444585464035,194.726911302822,28.2229662063709,0.023632,116.129
1237667444048592965,194.727648509536,27.7956168189585,0.021582,-498.548
1237667444048592938,194.730217197329,27.9647019571191,0.018893,-1304.816
1237667444048592948,194.733084612909,27.8333723952429,0.025103,556.938
1237665440442024035,194.733756557692,28.463629028495,0.019721,-1056.405
1237667444048593262,194.735868183527,27.8219846127597,0.029047,1739.256
1237667323797635381,194.740101228361,27.7854263854028,0.023147,-29.364
1237667323797635239,194.742097406075,27.5947022585962,0.020049,-958.283
1237667444048593276,194.747813258323,27.934521685377,0.019177,-1219.612
1237667444048593271,194.75029233349,27.9674744716536,0.027746,1349.325
1237667444585463852,194.757544806777,28.2253562792871,0.026754,1051.829
1237667322723958800,194.757609407454,26.8156555962202,0.023865,185.764
1237667324334506010,194.758627002364,28.1156649660561,0.031410,2447.857
1237667324334506008,194.766250199148,28.1236980668986,0.026452,961.334
1237667444048593305,194.767306805655,27.9591405726482,0.023457,63.428
1237667442974916615,194.769318215841,26.9581915564873,0.027001,1125.926
1237667444048593307,194.769323800927,27.9109796560069,0.021362,-564.547
1237667324334506316,194.769894494007,28.0503851802426,0.026892,1093.392
1237667323797635307,194.772062128779,27.6444041288121,0.018126,-1534.777
1237667444048592990,194.775094426765,27.9966984268305,0.025575,698.449
1237667443511722248,194.776318138544,27.4936310236085,0.027234,1195.771
1237667323797635258,194.778525159531,27.7724548926383,0.020830,-723.893
1237667323797635256,194.781212167301,27.7677646272029,0.021220,-607.172
1237667444048593084,194.783101527507,27.8549624478049,0.021927,-395.143
1237667323797635257,194.784165676772,27.784117701493,0.023448,60.778
1237667252945813654,194.785642300662,28.7282235981488,0.023667,126.543
1237667444048593321,194.787813464566,27.8975520772192,0.026151,871.144
1237667324334506325,194.789426222564,28.0409320921649,0.024045,239.877
1237667444048593330,194.790166251625,27.8673926742555,0.023058,-56.159
1237667324334506112,194.791284727657,28.1644982623325,0.028672,1626.885
1237667442438045780,194.792518219026,26.7203849699637,0.024460,364.129
1237667323797700647,194.792934776432,27.6198568777866,0.019146,-1228.980
1237667324334506328,194.798101914442,28.0092670143606,0.022995,-74.959
1237667444048593041,194.804612240889,27.9769750883,0.022602,-192.891
1237667323797700611,194.806238406711,27.7745923018939,0.022767,-143.324
1237667443511787541,194.8071019503,27.4025691279803,0.018862,-1313.854
1237667324334506149,194.807989078434,28.0762433157455,0.026047,839.888
1237667444048593338,194.810920146189,27.8955907154115,0.021376,-560.437
1237667444585463957,194.812434476022,28.2510179348677,0.024802,466.730
1237667444048593040,194.813531168594,27.9707257794689,0.016083,-2147.136
1237667323260829813,194.818373318641,27.1580788307777,0.022321,-276.884
1237667442974916766,194.819454487904,27.1061439810947,0.027953,1411.511
1237667322723958937,194.82616113055,26.8898689261211,0.018254,-1496.275
1237667323797700769,194.826472027384,27.7157317807831,0.022257,-296.323
1237667443511787618,194.826871658135,27.5135105463817,0.020151,-927.515
1237667323797700661,194.827255285657,27.5935943588469,0.017443,-1739.383
1237667444048593360,194.832147867801,27.9735002967325,0.024128,264.700
1237667324334571534,194.83283244246,28.0842960059655,0.015277,-2388.793
1237667444048593146,194.8340568652,27.8859921035639,0.021624,-486.100
1237667324334571543,194.834154529007,28.074282015804,0.023888,192.675
1237667324334506354,194.834179594958,28.1979235986017,0.031563,2493.786
1237667443511787686,194.834590287091,27.435237197549,0.025671,727.388
1237665440442089547,194.83755027636,28.4414771516295,0.021894,-404.926
1237667444048593359,194.839209090207,27.9735636048933,0.020206,-911.080
1237667322723958957,194.842093748212,26.79710243348,0.021511,-519.854
1237667444048658449,194.844255402196,27.8968728016878,0.017188,-1815.872
1237665440442089553,194.846473958468,28.4885986089472,0.023346,30.358
1237667444048658450,194.847550121137,27.9195655266725,0.023110,-40.462
1237667443511787630,194.852450824493,27.517337600233,0.019652,-1077.228
1237667323797700671,194.853878187874,27.7388318633023,0.020117,-937.624
1237667324334571631,194.854357366458,27.9967289709423,0.018282,-1487.998
1237667444048658529,194.855528199395,27.9679287147912,0.025705,737.610
1237667444048658536,194.855569779096,27.9344868386748,0.025311,619.465
1237667444048658526,194.856189289841,27.973202528396,0.020330,-873.876
1237667324334571778,194.857572540543,28.1869812852246,0.025764,755.274
1237667444585463989,194.858942661325,28.2875417099058,0.026679,1029.365
1237667324334571629,194.860799733229,27.9984691439052,0.022244,-300.154
1237667444048658757,194.863772882899,27.785052536015,0.021953,-387.265
1237667324334571539,194.86968125199,28.0405136064394,0.018756,-1345.887
1237667444048658609,194.872525699143,27.8501566064127,0.022645,-180.033
1237667444048658522,194.874841778964,27.9564278077549,0.022667,-173.174
1237665427552927881,194.875477343479,28.7001284408476,0.023682,131.139
1237667444048658766,194.877704575497,27.7914241205781,0.025912,799.464
1237667444048658616,194.878434451101,27.8842071991656,0.015710,-2258.950
1237667444048658549,194.879595289908,27.9549070471196,0.023659,124.223
1237667324334571535,194.881003678326,28.046599254334,0.023075,-50.847
1237667324334571570,194.881667183867,28.1005372899575,0.024779,459.940
1237667444048658763,194.882884254824,27.8612970267337,0.015547,-2307.882
1237667323797700948,194.883652583971,27.7204548963996,0.025611,709.379
1237667444048658523,194.886633955294,27.9835999098617,0.019428,-1144.391
1237667444048658521,194.892163315313,27.9468363737267,0.023951,211.762
1237667444048658774,194.897020531483,27.8636306906784,0.020987,-676.861
1237665440442089583,194.898630354025,28.5513647259983,0.025299,615.772
1237667444048658532,194.89877127332,27.9592632735057,0.023909,198.952
1237667444048658776,194.904040831237,27.8258040884036,0.020867,-712.788
1237667323260829935,194.905630493967,27.3360474126594,0.023258,3.736
1237667324334571792,194.906189530477,28.1661318210296,0.019084,-1247.462
1237667323797700807,194.907624171543,27.7768238663616,0.022693,-165.376
1237667444048658635,194.907950411427,27.9073190131638,0.026711,1039.058
1237667324334571647,194.908273471813,28.0010090155298,0.016589,-1995.406
1237667444048658535,194.909649392992,27.9871937351457,0.022740,-151.442
1237665440978960466,194.912996800047,28.8955236086662,0.020394,-854.830
1237667444048658793,194.914488570533,27.8545984184852,0.031342,2427.508
1237667444048658528,194.915234080479,27.9539049065812,0.026788,1062.262
1237665440978960400,194.91577264283,28.9265549771207,0.020093,-945.068
1237667323797700711,194.915871460822,27.5764682393636,0.016714,-1958.057
1237665427552927902,194.917200734102,28.6308022950577,0.017836,-1621.546
1237667444048658530,194.917791129631,27.9682328399179,0.025273,607.980
1237667324334571816,194.919697520844,28.1446092010012,0.025648,720.249
1237665440442089601,194.922106048695,28.5071954101907,0.027481,1269.979
1237667323797700828,194.922146333642,27.6598262214408,0.022515,-218.898
1237667444048658653,194.926265602208,27.924732907372,0.023039,-61.699
1237667324334571645,194.932181682094,27.9946833857208,0.022251,-297.999
1237667324334571822,194.933937605087,28.176314146945,0.027712,1339.276
1237667444048658531,194.934177265869,27.9584134419139,0.023033,-63.516
1237667444048658805,194.934218771064,27.8676781442909,0.020809,-730.194
1237667444048658654,194.935019159584,27.9124547863754,0.022351,-268.013
1237667444585529680,194.93567369879,28.2565255773911,0.026301,916.242
1237667444048658808,194.936228035079,27.8897619433062,0.022707,-161.428
1237667444048658683,194.942174115382,27.8572277796636,0.026989,1122.325
1237667444048658525,194.944907570549,27.9738447740462,0.031420,2450.679
1237667324334571832,194.945554299629,27.9919122015786,0.028061,1443.939
1237667323797700726,194.946451172212,27.7103012472927,0.027983,1420.523
1237667324334571829,194.949036309029,28.0978860793512,0.021264,-593.882
1237667442974982277,194.955220829712,26.9743320520353,0.023506,78.355
1237667444048658912,194.959090920618,27.9126352900928,0.024171,277.642
1237667324334571835,194.959522743348,28.1443742584014,0.022604,-192.118
1237667444048658843,194.962503417933,27.832950899089,0.026345,929.214
1237667324334571840,194.964420676349,28.0734807464163,0.024990,522.995
1237667324334571838,194.965661050222,28.0985259643157,0.025511,679.289
1237667322724024468,194.976396471511,26.8199666164834,0.026741,1048.061
1237667444048658870,194.978597754377,27.7960003600152,0.027506,1277.504
1237667324334571849,194.979546851179,28.1283564978155,0.025233,596.123
1237667324334571728,194.983378854076,28.034714810226,0.027188,1182.137
1237667323797766231,194.983802165236,27.7463121860577,0.029759,1952.960
1237667444048658858,194.986046819322,27.9300248530611,0.025707,738.093
1237667324334571861,194.990049149968,28.0650983650021,0.019484,-1127.458
1237667444585529470,194.990611158435,28.2466639995862,0.022372,-261.634
1237667444048658878,194.997788332255,27.9405714783175,0.020373,-861.105
1237667444048658882,195.004040490954,27.9454313112633,0.022820,-127.516
1237667442974982309,195.004939532932,26.9561033987463,0.023916,201.132
1237667323797766246,195.006213693971,27.7312628487315,0.026915,1100.230
1237665440442155197,195.007640576844,28.4348164330296,0.026995,1124.166
1237667444585529472,195.012506661005,28.2403102905982,0.025686,731.872
1237667322724024401,195.014695905543,26.8981074771178,0.019764,-1043.660
1237667444048723996,195.01561298036,27.964705679981,0.017779,-1638.721
1237667324334637274,195.017693325766,28.1551072976378,0.021915,-398.594
1237665427552993436,195.018294753698,28.6034824944784,0.022743,-150.525
1237667324334637085,195.01850233818,27.9875782970746,0.021253,-597.323
1237667442974982311,195.019097162347,27.0324696954038,0.023210,-10.534
1237667324334637091,195.022457096724,28.0244389380184,0.019691,-1065.455
1237667444048724086,195.022925114932,27.8075946752714,0.021926,-395.437
1237667444048724058,195.023672448191,27.9264637253773,0.026533,985.605
1237667444048723989,195.025435166895,27.9783006634674,0.025460,664.089
1237667323797766175,195.026050713646,27.6852929888578,0.025167,576.307
1237667323260895278,195.026164834203,27.3007130661533,0.026254,902.188
1237667444048724247,195.026210168324,27.7757641183196,0.020608,-790.603
1237667324334637086,195.026605804919,28.004116613337,0.024246,300.066
1237667444048724004,195.031143035643,27.9580695180286,0.020717,-757.793
1237667324334637131,195.033291417377,28.0785665802864,0.024141,268.513
1237667444048724248,195.033580146551,27.7733180979145,0.028925,1702.768
1237667444048723983,195.033861825427,27.9769409285138,0.021502,-522.624
1237667324334637287,195.03635958837,28.1598544379102,0.024890,493.088
1237667324334637285,195.037977566511,28.1703924435192,0.022523,-216.404
1237667444048724108,195.038092841516,27.8664772135996,0.017733,-1652.467
1237667444048724001,195.04311990404,27.9590679990449,0.021114,-638.773
1237667323797766302,195.043379377926,27.5949975652798,0.018656,-1375.785
1237667324334637325,195.046407325529,28.0652464762035,0.024544,389.524
1237667443511853143,195.046668062856,27.4600839791545,0.022823,-126.613
1237667444048724279,195.052609402741,27.7818205349669,0.023373,38.428
1237667324334637140,195.053597313238,28.0754960776549,0.025033,536.066
1237667324334637329,195.055934005349,28.0532871738763,0.027161,1174.078
1237667444048724270,195.056810819008,27.8671768307925,0.024684,431.393
1237665440979026019,195.058355375781,28.8281644434916,0.024474,368.575
1237665440442155329,195.059240619592,28.4580656213662,0.026103,856.673
1237667324334637152,195.061432511972,28.0412967617924,0.019120,-1236.640
1237667323260895917,195.065145401379,27.2566721331826,0.023783,161.424
1237667444048723984,195.068828715871,27.9675072124747,0.015470,-2330.804
1237667324334637347,195.070941548439,28.0639110960623,0.020473,-831.129
1237667444048724379,195.073136804668,27.7844202898158,0.023250,1.458
1237667444585594903,195.074696934213,28.2023981851634,0.028444,1558.721
1237667444048723985,195.075399921661,27.9565732826716,0.021240,-600.987
1237667324334637356,195.077274091446,28.0971543321854,0.026080,849.901
1237667444048724291,195.077385694626,27.8155227011552,0.017890,-1605.444
1237667444048723991,195.078230394988,27.9370369750511,0.017616,-1687.552
1237667324334637362,195.078668224167,28.0093072077635,0.020682,-768.304
1237667443511853161,195.079593550087,27.5537206819325,0.019641,-1080.430
1237665440442155264,195.082823142696,28.4392284427739,0.023693,134.407
1237667444048724298,195.084039953025,27.8434940002557,0.026248,900.185
1237667444048724303,195.090288097237,27.8985384860965,0.016259,-2094.367
1237667324334637189,195.092229985721,28.0470066525567,0.027271,1206.975
1237667444585595157,195.092451607569,28.2470906197883,0.025082,550.591
1237667323797766325,195.093244819042,27.6235520775816,0.025356,632.956
1237665427552993478,195.09458906104,28.574474669521,0.021586,-497.391
1237667323260960965,195.099584113834,27.2869266585379,0.024242,298.792
1237667444048724320,195.10342586746,27.9266217099223,0.026530,984.690
1237667443511853185,195.104915314208,27.5522601207074,0.024238,297.623
1237665440979025953,195.106860187594,28.8678073934719,0.022580,-199.457
1237667443511853192,195.11189741629,27.5155910173828,0.025951,811.248
1237667323797766335,195.115212136445,27.6252079523193,0.019593,-1094.808
1237667323260960821,195.116104386748,27.2717866772735,0.025871,787.226
1237667444048724118,195.116532620863,27.9559693819117,0.023362,35.050
1237667444048724328,195.1182936606,27.9723909581336,0.025735,746.502
1237665440442155099,195.122312006143,28.4556429094416,0.024119,262.101
1237667444048724347,195.124691653534,27.7702521766262,0.027877,1388.556
1237667324334637391,195.125788530825,28.1600474654896,0.023583,101.424
1237667444585595001,195.128196588443,28.3463639422662,0.019866,-1013.148
1237667324334637213,195.128978885372,28.1083941339631,0.017280,-1788.135
1237665440979026068,195.13002691707,28.9505340584901,0.023274,8.557
1237667444585595177,195.135268435612,28.2560509178605,0.020956,-686.119
1237667444048724362,195.135483645373,27.7661418910768,0.022255,-296.769
1237667444048724355,195.139020437817,27.8242445365237,0.027346,1229.387
1237667443511853233,195.139784242372,27.5041237785449,0.018608,-1390.086
1237667323797831683,195.140293060488,27.6377481111137,0.024964,515.476
1237667444048724349,195.143447755416,27.9346919831049,0.029232,1794.984
1237667444048724352,195.14759251873,27.9427442848064,0.023250,1.515
1237667324334637227,195.148217631308,28.1461247282573,0.018219,-1506.897
1237667323797831757,195.148647783798,27.5742246050628,0.016995,-1873.618
1237665427553058914,195.154751262705,28.6641178865181,0.023604,107.504
1237667324334637239,195.1577533994,28.0579667049016,0.025527,684.259
1237667324334702605,195.161501298619,28.0145264721627,0.025353,631.925
1237665428089864334,195.164792116953,29.0194074440033,0.024246,300.036
1237667444048724135,195.165671469683,27.923933792128,0.025015,530.700
1237667324334702869,195.17019516335,27.9966036824449,0.023639,117.984
1237667324334702866,195.171635650757,28.0451195506376,0.028770,1656.246
1237665428089864346,195.172219633614,29.0241999741511,0.023723,143.266
1237667324334702622,195.17813250627,27.9712623625048,0.021255,-596.451
1237667444048724176,195.178482299746,27.9630831728301,0.028093,1453.467
1237665440442220653,195.182794772885,28.4163326730284,0.020927,-694.801
1237667444585595059,195.184284096314,28.3372650758403,0.026408,948.317
1237667324334702891,195.185975736092,28.1006362370394,0.022009,-370.584
1237667323797831766,195.188355043658,27.7470167555916,0.031129,2363.460
1237667444048789817,195.189103715597,27.835489299057,0.029273,1807.117
1237667444048789811,195.197519490083,27.9221565643608,0.028575,1597.745
1237665428089929976,195.198173840503,29.0672233801512,0.024988,522.431
1237665441515896903,195.198459222165,29.2007936503077,0.031009,2327.656
1237667324334702681,195.202694942104,28.090735952524,0.023242,-0.955
1237667324334702646,195.20332601424,28.1583432170809,0.019370,-1161.734
1237667443511918698,195.20800961403,27.4057818464861,0.021982,-378.574
1237667323797831772,195.212900712822,27.7429850706734,0.027134,1165.780
1237667324334702708,195.213150461449,28.0471389131688,0.021164,-623.939
1237667444585595093,195.217014286296,28.366127457516,0.025477,669.021
1237667444048789602,195.218753726365,27.8049599393994,0.022789,-136.815
1237667444048789589,195.22550081075,27.7837036730738,0.027676,1328.393
1237667324334702748,195.226908526339,28.0076343782209,0.016623,-1985.383
1237667444048789843,195.228212924609,27.8420078748367,0.023626,114.105
1237667442975048023,195.2300454816,27.1215892710942,0.021482,-528.473
1237667444048789675,195.233046065291,27.8984995989503,0.020077,-949.622
1237667444048789588,195.233588545677,27.7908522847983,0.026594,1004.027
1237667323797831800,195.243237919461,27.6520880345483,0.017374,-1760.137
1237667444048789674,195.246910609888,27.8998161886084,0.022963,-84.450
1237665440979091634,195.251348422006,28.7921591008561,0.026597,1004.989
1237667444048789704,195.270102576772,27.891744202187,0.019355,-1166.168
1237667324334702937,195.273564431493,28.0620566176221,0.024795,464.562
1237667323797831972,195.274232732489,27.7088828176486,0.029126,1762.949
1237667443511918768,195.275799953577,27.3978258093587,0.027064,1145.019
1237667322724155492,195.278342988458,26.8094886523373,0.022926,-95.669
1237667444585660537,195.28764464715,28.3597822924691,0.023013,-69.644
1237667444048789720,195.288477308824,27.8183039438233,0.019749,-1048.094
1237667324334702963,195.289310063338,28.0331184270613,0.023429,55.169
1237667444048789721,195.294604532846,27.8028866480324,0.022322,-276.695
1237667323261026354,195.294709931189,27.2464984455643,0.020613,-789.077
1237667323797831830,195.29675363848,27.7425053994269,0.024577,399.253
1237667323797897301,195.301202251965,27.6044757364926,0.025191,583.517
1237667444048789861,195.306789021284,27.9142526949842,0.019514,-1118.579
1237667324334702972,195.306931869738,28.0831231844849,0.019374,-1160.439
1237665440442220827,195.31231891148,28.5217546540502,0.028133,1465.378
1237667323797897314,195.313343376905,27.6692238659144,0.023558,93.899
1237665440979091535,195.315650976421,28.8721784223315,0.023780,160.465
1237667444048789764,195.323315726335,27.8090710444691,0.024350,331.392
1237667324334702984,195.324346807909,28.0970738409799,0.026822,1072.401
1237667324334702990,195.32940726419,28.1281384625659,0.022710,-160.550
1237667444048789881,195.330494542194,27.8604556361445,0.027411,1248.880
1237667324334768325,195.333292146706,27.9610156450116,0.026265,905.371
1237667322724155512,195.333662968,26.8867456529938,0.026943,1108.568
1237667322724155516,195.340606509208,26.7965892117349,0.028361,1533.721
1237667444585660575,195.344906530011,28.1960359758045,0.025362,634.734
1237665427553124486,195.354480293973,28.6772253598032,0.029152,1770.962
1237667444048855053,195.358850439825,27.8859729500242,0.018252,-1496.875
1237665440442286144,195.361207207261,28.4358939754797,0.019221,-1206.466
1237667324334768346,195.363104189032,27.9991958902805,0.025495,674.522
1237667444048855313,195.368602982341,27.9265439789628,0.025105,557.687
1237667444048855141,195.382517590132,27.8474999785188,0.018225,-1505.062
1237665428089995273,195.390003400941,29.1305910162567,0.024531,385.663
1237667444048855334,195.39102536636,27.9111024405541,0.021892,-405.597
1237667324334768368,195.396838743459,28.1469487045078,0.017592,-1694.636
1237667323797897347,195.402158508294,27.7079322673888,0.026390,942.950
1237667324334768379,195.405521683289,28.0157684825243,0.023835,176.900
1237667444585726083,195.412866869229,28.2458768145877,0.025338,627.566
1237667323797897421,195.418946763465,27.5489321883942,0.021676,-470.271
1237667444585726096,195.430341049331,28.2977865854792,0.025659,723.772
1237665441516028047,195.430527156299,29.1783589861483,0.023442,59.150
1237665428089995515,195.430722913139,29.044658570315,0.023730,145.370
1237665428089995563,195.433250063168,28.9995424101428,0.021424,-545.939
1237667444585726117,195.43406566251,28.2143590064141,0.026104,856.961
1237667324334768181,195.445895535783,28.0950007428482,0.019352,-1167.040
1237665428089995663,195.446111981103,29.0766449971161,0.023111,-40.303
1237667323797897366,195.446831442817,27.6217919690725,0.025981,820.296
1237665427553124587,195.4492623908,28.6602096947014,0.028723,1642.225
1237667443511984267,195.449898829919,27.3548146345931,0.020200,-913.005
1237667323797897365,195.451200492897,27.7284454146125,0.018286,-1486.589
1237667323797897369,195.451563119139,27.6039619146946,0.027453,1261.561
1237667444585725994,195.453550950031,28.1719483323776,0.025415,650.620
1237667444048855252,195.459255817533,27.8935444618584,0.025181,580.375
1237667323797962757,195.47387935717,27.6244460249129,0.026211,889.096
1237667324334768238,195.489890494881,28.0058364644686,0.025749,750.621
1237665427553189967,195.497239373117,28.7094725548596,0.020232,-903.277
1237667323797962933,195.504321624415,27.6529692665898,0.023647,120.362
1237665428089995597,195.513945939063,29.1504804569642,0.026901,1096.036
1237665441516027964,195.517498598631,29.2534548103593,0.024315,320.866
1237667323797962954,195.518083572067,27.6995499077962,0.023374,38.707
1237665440979157097,195.51843341003,28.894576668828,0.027056,1142.393
1237667323261091954,195.52299891919,27.2972716010458,0.024280,310.193
1237667444048920652,195.525033677402,27.765116833945,0.024143,269.257
1237667323797962850,195.532830672676,27.6482976826427,0.023012,-69.875
1237667324334833783,195.533970497546,28.1510265057173,0.016370,-2061.066
1237665440442351629,195.53608396082,28.3871080825636,0.025267,606.106
1237667323797962970,195.539032113146,27.5893569962044,0.021532,-513.492
1237667444585726015,195.542861532794,28.1918177008192,0.019137,-1231.471
1237665440442351685,195.546418914066,28.4566139318449,0.020483,-828.032
1237667444585791644,195.547338684142,28.1724567094231,0.029884,1990.458
1237667444585791491,195.553278002564,28.2148373267855,0.027310,1218.594
1237667444585726198,195.559643801511,28.3526448853885,0.028847,1679.319
1237667324334833807,195.559729478971,28.101596914342,0.019839,-1021.137
1237667444585791502,195.58966914892,28.2307701212819,0.018575,-1400.036
1237667444585791665,195.590232511146,28.2559790755538,0.022721,-156.982
1237667324334833950,195.604293644629,27.9722581716407,0.027422,1252.279
1237665440979222567,195.606862839908,28.8580635630958,0.022336,-272.585
1237667444048920692,195.632821627891,27.9355359834758,0.022083,-348.370
1237665440442351734,195.633184584351,28.4393232519616,0.019900,-1002.679
1237667443512049834,195.635726585595,27.3934908210099,0.018203,-1511.618
1237667323261157453,195.636449334602,27.2955624355497,0.025375,638.670
1237667324334833870,195.64495510833,27.9491093495886,0.019282,-1188.094
1237667443512115311,195.646561584546,27.4394408127028,0.018061,-1554.237
1237665440979222670,195.648014771929,28.7452316009678,0.020396,-854.168
1237667323261157385,195.655638946037,27.1761404681539,0.018297,-1483.513
1237665440442351742,195.658953721111,28.5019066337512,0.019218,-1207.284
1237667324334833744,195.660181057666,28.1145710228721,0.024884,491.382
1237665428090061453,195.661212156078,29.0756036494899,0.022335,-272.927
1237665440442351757,195.669998666552,28.3713018245879,0.024727,444.353
1237667324334899203,195.684984965144,28.045338208552,0.020763,-743.982
1237665440442417214,195.71351070655,28.4824384272355,0.023570,97.524
1237667444048986134,195.719752178221,27.8665936888584,0.027386,1241.544
1237667324334899374,195.735715271896,28.0703941712978,0.025885,791.378
1237665440442417323,195.738848732871,28.375600328505,0.029516,1880.006
1237667444585857114,195.74766250227,28.27535445414,0.023908,198.745
1237667324334899265,195.753648584939,28.0324735786419,0.017937,-1591.288
1237667444048986271,195.771661802753,27.7841191138634,0.025582,700.733
1237665427553255498,195.79056921392,28.5835206512888,0.022830,-124.533
1237665440442417243,195.790981249344,28.4896063172504,0.017981,-1577.984
1237667444585857153,195.802638507581,28.1724981550614,0.024254,302.576
1237667443512115420,195.806948949738,27.3690777806527,0.021271,-591.699
1237667324334899420,195.817685340268,28.0304044444865,0.020318,-877.581
1237665427553321028,195.832508886991,28.6172727887781,0.019883,-1007.976
1237667444585857168,195.839808704322,28.3090354738125,0.018426,-1444.786
1237665440979288199,195.844124517784,28.7965163163799,0.026342,928.479
1237667324334964884,195.844870559075,27.9359619009427,0.020097,-943.767
1237665440979288192,195.846408376943,28.8641676660111,0.021910,-400.375
1237667443512180814,195.847673184891,27.3069583343845,0.018555,-1405.927
1237667324334964901,195.855544393712,28.0139938315681,0.026544,988.932
1237665427553321118,195.866332218664,28.564224923352,0.015893,-2204.109
1237667444585857184,195.875119416415,28.2747004341495,0.021386,-557.427
1237667324334964917,195.880140364324,28.0923054224563,0.021117,-637.960
1237665428090191940,195.889293306973,29.0604918294491,0.025152,571.627
1237667444585857196,195.890405905279,28.2394259864677,0.027408,1247.965
1237667444585922800,195.899849185867,28.1669677048163,0.022078,-349.995
1237667324334964935,195.902413546025,28.0979516017944,0.020586,-797.102
1237665440979353636,195.925870239598,28.905511306085,0.022319,-277.670
1237665427553321062,195.936824813474,28.545921342782,0.025799,765.806
1237667324334964782,195.937273855465,28.0842168568776,0.018766,-1342.673
1237667324334964813,195.942828701635,27.9869157698928,0.020611,-789.700
1237667444585922609,195.958123620537,28.1857339728352,0.023235,-2.994
1237667444585922613,195.960154273299,28.1786357779268,0.021292,-585.578
1237667324334964987,195.96040532167,28.0544041547406,0.020980,-679.164
1237667324334964812,195.961653752345,27.9883676069246,0.021180,-619.181
1237667444049051802,195.974321567418,27.821955718637,0.016551,-2006.759
1237667444585922954,195.976769029091,28.3105543009076,0.026751,1051.118
1237667444585922611,195.978633527641,28.187643280719,0.022917,-98.325
1237667322724417805,195.988019975696,26.7294834049306,0.022041,-360.931
1237667444049051826,196.019814237027,27.8505250815601,0.021286,-587.280
1237667324335030394,196.033193138867,27.9649484556976,0.019804,-1031.489
1237667444585922740,196.042281937626,28.247951973113,0.019800,-1032.661
1237665428090192022,196.042606512841,29.0154335046959,0.022101,-342.845
1237667323798159456,196.046866941757,27.4904441609391,0.017770,-1641.303
1237665427553386633,196.05469756966,28.5424539305107,0.027068,1145.955
1237667323798159536,196.057800089502,27.5600902998971,0.023136,-32.673
1237665427553386636,196.065710749018,28.5453865510812,0.027857,1382.578
1237667323798159557,196.068598803751,27.50638495604,0.023533,86.194
1237665428090257496,196.074678862051,29.02953580281,0.022766,-143.531
1237665440442548314,196.076756682974,28.4681349523023,0.025773,757.978
1237665440979419139,196.094505866627,28.8107654534364,0.026468,966.370
1237667443512246388,196.110603084292,27.3043126853379,0.018372,-1460.828
1237665428090257546,196.122143964547,28.9875009200063,0.024060,244.320
1237667444585988282,196.130599534915,28.3019347577608,0.026261,904.061
1237665427553386581,196.148967955507,28.6277402559277,0.022366,-263.451
1237667444585988288,196.153757194028,28.2505101491467,0.018743,-1349.686
1237665441516290236,196.154356523625,29.1467109477648,0.019371,-1161.440
1237665428090257566,196.161578494874,28.9726863081091,0.025317,621.081
1237665441516290234,196.162211183681,29.2248653690734,0.019240,-1200.695
1237667444585988306,196.173652210193,28.2275322819398,0.024035,236.765
1237667444585988317,196.180553115551,28.251565186261,0.021903,-402.224
1237665427553452095,196.205289195789,28.6611960168516,0.026195,884.359
1237667444585988328,196.205703381122,28.2694421744362,0.022707,-161.221
1237667442975440947,196.218158791778,26.91909161581,0.023113,-39.590
1237665428090323207,196.236488112665,29.0924463348028,0.019916,-998.050
1237665441516290257,196.24319678609,29.1946498801493,0.019028,-1264.284
1237665441516290101,196.243257072241,29.1222421355464,0.019745,-1049.323
1237665440979484734,196.260581326475,28.7390027298822,0.027907,1397.496
1237667323798225112,196.263760743696,27.5370530512645,0.021705,-461.715
1237665427553452110,196.277570746616,28.6411660974026,0.018166,-1522.684
1237667323798225124,196.285246295905,27.5128223179682,0.023878,189.752
